// Generated by tools/gen_roms.py - DO NOT EDIT BY HAND.
// Re-run the generator if the underlying glyph/sprite definitions change.
#include "sprites.h"

const uint16_t sprite_rom[SPRITE_COUNT * SPRITE_PIXELS] = {
    0x0000, 0x0000, 0x0000, 0x0000, 0x0000, 0x0000, 0x0000, 0x0000, 0x0000, 0x0000, 0x0000, 0x0000,
    0x0000, 0x0000, 0x0000, 0x0000, 0x0000, 0x0000, 0x0000, 0x0000, 0x0000, 0x0000, 0x0000, 0x0000,
    0x0000, 0x0000, 0x0000, 0x0000, 0x0000, 0x0000, 0x0000, 0x0000, 0x0000, 0x0000, 0x0000, 0x1127,
    0x1127, 0x1127, 0x1127, 0x1127, 0x1127, 0x1127, 0x1127, 0x1127, 0x1127, 0x1127, 0x1127, 0x1127,
    0x1127, 0x1127, 0x1127, 0x1127, 0x1127, 0x1127, 0x1127, 0x1127, 0x1127, 0x1127, 0x1127, 0x1127,
    0x1127, 0x0000, 0x0000, 0x0000, 0x0000, 0x0000, 0x3B56, 0x3B56, 0x3B56, 0x3B56, 0x3B56, 0x3B56,
    0x3B56, 0x3B56, 0x3B56, 0x3B56, 0x3B56, 0x3B56, 0x3B56, 0x3B56, 0x3B56, 0x3B56, 0x3B56, 0x3B56,
    0x3B56, 0x3B56, 0x3B56, 0x3B56, 0x3B56, 0x3B56, 0x3B56, 0x3B56, 0x3B56, 0x3B56, 0x0000, 0x0000,
    0x0000, 0x1127, 0x3B55, 0x3B55, 0x3B55, 0x3B55, 0x3B55, 0x3B55, 0x3B55, 0x3B55, 0x3B55, 0x3B55,
    0x3B55, 0x3B55, 0x3B55, 0x3B55, 0x3B55, 0x3B55, 0x3B55, 0x3B55, 0x3B55, 0x3B55, 0x3B55, 0x3B55,
    0x3B55, 0x3B55, 0x3B55, 0x3B55, 0x3B55, 0x3B55, 0x1127, 0x0000, 0x0000, 0x1127, 0x3B55, 0x3B55,
    0x3B55, 0x3B55, 0x3B55, 0x3B55, 0x3B55, 0x3B55, 0x3B55, 0x3B55, 0x3B55, 0x3B55, 0x3B55, 0x3B55,
    0x3B55, 0x3B55, 0x3B55, 0x3B55, 0x3B55, 0x3B55, 0x3B55, 0x3B55, 0x3B55, 0x3B55, 0x3B55, 0x3B55,
    0x3B55, 0x3B55, 0x1127, 0x0000, 0x0000, 0x1127, 0x3B55, 0x3B55, 0x3B55, 0x3B55, 0x3B55, 0x3B55,
    0x3B55, 0x3B55, 0x3B55, 0x3B55, 0x3B55, 0x3B55, 0x3B55, 0x3B55, 0x3B55, 0x3B55, 0x3B55, 0x3B55,
    0x3B55, 0x3B55, 0x3B55, 0x3B55, 0x3B55, 0x3B55, 0x3B55, 0x3B55, 0x3B55, 0x3B55, 0x1127, 0x0000,
    0x0000, 0x1127, 0x3B35, 0x3B35, 0x3B35, 0x3B35, 0x3B35, 0x3B35, 0x3B35, 0x3B35, 0x3B35, 0x3B35,
    0x3B35, 0x3B35, 0x3B35, 0x3B35, 0x3B35, 0x3B35, 0x3B35, 0x3B35, 0x3B35, 0x3B35, 0x3B35, 0x3B35,
    0x3B35, 0x3B35, 0x3B35, 0x3B35, 0x3B35, 0x3B35, 0x1127, 0x0000, 0x0000, 0x1127, 0x3B35, 0x3B35,
    0x3B35, 0x3B35, 0x3B35, 0x3B35, 0x3B35, 0x3B35, 0x3B35, 0x3B35, 0x3B35, 0x3B35, 0xFFFF, 0xFFFF,
    0xFFFF, 0x3B35, 0x3B35, 0x3B35, 0x3B35, 0x3B35, 0x3B35, 0x3B35, 0x3B35, 0x3B35, 0x3B35, 0x3B35,
    0x3B35, 0x3B35, 0x1127, 0x0000, 0x0000, 0x1127, 0x3334, 0x3334, 0x3334, 0x3334, 0x3334, 0x3334,
    0x3334, 0x3334, 0x3334, 0x3334, 0x3334, 0x3334, 0xFFFF, 0xFFFF, 0xFFFF, 0x3334, 0x3334, 0x3334,
    0x3334, 0x3334, 0x3334, 0x3334, 0x3334, 0x3334, 0x3334, 0x3334, 0x3334, 0x3334, 0x1127, 0x0000,
    0x0000, 0x1127, 0x3334, 0x3334, 0x3334, 0x3334, 0x3334, 0x3334, 0x3334, 0x3334, 0x3334, 0x3334,
    0x3334, 0x3334, 0xFFFF, 0xFFFF, 0xFFFF, 0x3334, 0x3334, 0x3334, 0x3334, 0x3334, 0x3334, 0x3334,
    0x3334, 0x3334, 0x3334, 0x3334, 0x3334, 0x3334, 0x1127, 0x0000, 0x0000, 0x1127, 0x3314, 0x3314,
    0x3314, 0x3314, 0x3314, 0x3314, 0x3314, 0x3314, 0x3314, 0xFFFF, 0xFFFF, 0xFFFF, 0xFFFF, 0xFFFF,
    0xFFFF, 0xFFFF, 0xFFFF, 0xFFFF, 0x3314, 0x3314, 0x3314, 0x3314, 0x3314, 0x3314, 0x3314, 0x3314,
    0x3314, 0x3314, 0x1127, 0x0000, 0x0000, 0x1127, 0x3314, 0x3314, 0x3314, 0x3314, 0x3314, 0x3314,
    0x3314, 0x3314, 0x3314, 0xFFFF, 0xFFFF, 0xFFFF, 0xFFFF, 0xFFFF, 0xFFFF, 0xFFFF, 0xFFFF, 0xFFFF,
    0x3314, 0x3314, 0x3314, 0x3314, 0x3314, 0x3314, 0x3314, 0x3314, 0x3314, 0x3314, 0x1127, 0x0000,
    0x0000, 0x1127, 0x3313, 0x3313, 0x3313, 0x3313, 0x3313, 0x3313, 0x3313, 0x3313, 0x3313, 0xFFFF,
    0xFFFF, 0xFFFF, 0xFFFF, 0xFFFF, 0xFFFF, 0xFFFF, 0xFFFF, 0xFFFF, 0x3313, 0x3313, 0x3313, 0x3313,
    0x3313, 0x3313, 0x3313, 0x3313, 0x3313, 0x3313, 0x1127, 0x0000, 0x0000, 0x1127, 0x3313, 0x3313,
    0x3313, 0x3313, 0x3313, 0x3313, 0xFFFF, 0xFFFF, 0xFFFF, 0x3313, 0x3313, 0x3313, 0xFFFF, 0xFFFF,
    0xFFFF, 0x3313, 0x3313, 0x3313, 0xFFFF, 0xFFFF, 0xFFFF, 0x3313, 0x3313, 0x3313, 0x3313, 0x3313,
    0x3313, 0x3313, 0x1127, 0x0000, 0x0000, 0x1127, 0x32F3, 0x32F3, 0x32F3, 0x32F3, 0x32F3, 0x32F3,
    0xFFFF, 0xFFFF, 0xFFFF, 0x32F3, 0x32F3, 0x32F3, 0xFFFF, 0xFFFF, 0xFFFF, 0x32F3, 0x32F3, 0x32F3,
    0xFFFF, 0xFFFF, 0xFFFF, 0x32F3, 0x32F3, 0x32F3, 0x32F3, 0x32F3, 0x32F3, 0x32F3, 0x1127, 0x0000,
    0x0000, 0x1127, 0x32F3, 0x32F3, 0x32F3, 0x32F3, 0x32F3, 0x32F3, 0xFFFF, 0xFFFF, 0xFFFF, 0x32F3,
    0x32F3, 0x32F3, 0xFFFF, 0xFFFF, 0xFFFF, 0x32F3, 0x32F3, 0x32F3, 0xFFFF, 0xFFFF, 0xFFFF, 0x32F3,
    0x32F3, 0x32F3, 0x32F3, 0x32F3, 0x32F3, 0x32F3, 0x1127, 0x0000, 0x0000, 0x1127, 0x32F3, 0x32F3,
    0x32F3, 0x32F3, 0x32F3, 0x32F3, 0x32F3, 0x32F3, 0x32F3, 0x32F3, 0x32F3, 0x32F3, 0xFFFF, 0xFFFF,
    0xFFFF, 0x32F3, 0x32F3, 0x32F3, 0x32F3, 0x32F3, 0x32F3, 0x32F3, 0x32F3, 0x32F3, 0x32F3, 0x32F3,
    0x32F3, 0x32F3, 0x1127, 0x0000, 0x0000, 0x1127, 0x32F2, 0x32F2, 0x32F2, 0x32F2, 0x32F2, 0x32F2,
    0x32F2, 0x32F2, 0x32F2, 0x32F2, 0x32F2, 0x32F2, 0xFFFF, 0xFFFF, 0xFFFF, 0x32F2, 0x32F2, 0x32F2,
    0x32F2, 0x32F2, 0x32F2, 0x32F2, 0x32F2, 0x32F2, 0x32F2, 0x32F2, 0x32F2, 0x32F2, 0x1127, 0x0000,
    0x0000, 0x1127, 0x32D2, 0x32D2, 0x32D2, 0x32D2, 0x32D2, 0x32D2, 0x32D2, 0x32D2, 0x32D2, 0x32D2,
    0x32D2, 0x32D2, 0xFFFF, 0xFFFF, 0xFFFF, 0x32D2, 0x32D2, 0x32D2, 0x32D2, 0x32D2, 0x32D2, 0x32D2,
    0x32D2, 0x32D2, 0x32D2, 0x32D2, 0x32D2, 0x32D2, 0x1127, 0x0000, 0x0000, 0x1127, 0x32D2, 0x32D2,
    0x32D2, 0x32D2, 0x32D2, 0x32D2, 0x32D2, 0x32D2, 0x32D2, 0x32D2, 0x32D2, 0x32D2, 0xFFFF, 0xFFFF,
    0xFFFF, 0x32D2, 0x32D2, 0x32D2, 0x32D2, 0x32D2, 0x32D2, 0x32D2, 0x32D2, 0x32D2, 0x32D2, 0x32D2,
    0x32D2, 0x32D2, 0x1127, 0x0000, 0x0000, 0x1127, 0x32D2, 0x32D2, 0x32D2, 0x32D2, 0x32D2, 0x32D2,
    0x32D2, 0x32D2, 0x32D2, 0x32D2, 0x32D2, 0x32D2, 0xFFFF, 0xFFFF, 0xFFFF, 0x32D2, 0x32D2, 0x32D2,
    0x32D2, 0x32D2, 0x32D2, 0x32D2, 0x32D2, 0x32D2, 0x32D2, 0x32D2, 0x32D2, 0x32D2, 0x1127, 0x0000,
    0x0000, 0x1127, 0x32D2, 0x32D2, 0x32D2, 0x32D2, 0x32D2, 0x32D2, 0x32D2, 0x32D2, 0x32D2, 0x32D2,
    0x32D2, 0x32D2, 0xFFFF, 0xFFFF, 0xFFFF, 0x32D2, 0x32D2, 0x32D2, 0x32D2, 0x32D2, 0x32D2, 0x32D2,
    0x32D2, 0x32D2, 0x32D2, 0x32D2, 0x32D2, 0x32D2, 0x1127, 0x0000, 0x0000, 0x1127, 0x2AB1, 0x2AB1,
    0x2AB1, 0x2AB1, 0x2AB1, 0x2AB1, 0x2AB1, 0x2AB1, 0x2AB1, 0x2AB1, 0x2AB1, 0x2AB1, 0xFFFF, 0xFFFF,
    0xFFFF, 0x2AB1, 0x2AB1, 0x2AB1, 0x2AB1, 0x2AB1, 0x2AB1, 0x2AB1, 0x2AB1, 0x2AB1, 0x2AB1, 0x2AB1,
    0x2AB1, 0x2AB1, 0x1127, 0x0000, 0x0000, 0x1127, 0x2AB1, 0x2AB1, 0x2AB1, 0x2AB1, 0x2AB1, 0x2AB1,
    0x2AB1, 0x2AB1, 0x2AB1, 0x2AB1, 0x2AB1, 0x2AB1, 0xFFFF, 0xFFFF, 0xFFFF, 0x2AB1, 0x2AB1, 0x2AB1,
    0x2AB1, 0x2AB1, 0x2AB1, 0x2AB1, 0x2AB1, 0x2AB1, 0x2AB1, 0x2AB1, 0x2AB1, 0x2AB1, 0x1127, 0x0000,
    0x0000, 0x1127, 0x2AB1, 0x2AB1, 0x2AB1, 0x2AB1, 0x2AB1, 0x2AB1, 0x2AB1, 0x2AB1, 0x2AB1, 0x2AB1,
    0x2AB1, 0x2AB1, 0xFFFF, 0xFFFF, 0xFFFF, 0x2AB1, 0x2AB1, 0x2AB1, 0x2AB1, 0x2AB1, 0x2AB1, 0x2AB1,
    0x2AB1, 0x2AB1, 0x2AB1, 0x2AB1, 0x2AB1, 0x2AB1, 0x1127, 0x0000, 0x0000, 0x1127, 0x2AB1, 0x2AB1,
    0x2AB1, 0x2AB1, 0x2AB1, 0x2AB1, 0x2AB1, 0x2AB1, 0x2AB1, 0x2AB1, 0x2AB1, 0x2AB1, 0x2AB1, 0x2AB1,
    0x2AB1, 0x2AB1, 0x2AB1, 0x2AB1, 0x2AB1, 0x2AB1, 0x2AB1, 0x2AB1, 0x2AB1, 0x2AB1, 0x2AB1, 0x2AB1,
    0x2AB1, 0x2AB1, 0x1127, 0x0000, 0x0000, 0x1127, 0x2A91, 0x2A91, 0x2A91, 0x2A91, 0x2A91, 0x2A91,
    0x2A91, 0x2A91, 0x2A91, 0x2A91, 0x2A91, 0x2A91, 0x2A91, 0x2A91, 0x2A91, 0x2A91, 0x2A91, 0x2A91,
    0x2A91, 0x2A91, 0x2A91, 0x2A91, 0x2A91, 0x2A91, 0x2A91, 0x2A91, 0x2A91, 0x2A91, 0x1127, 0x0000,
    0x0000, 0x1127, 0x2A90, 0x2A90, 0x2A90, 0x2A90, 0x2A90, 0x2A90, 0x2A90, 0x2A90, 0x2A90, 0x2A90,
    0x2A90, 0x2A90, 0x2A90, 0x2A90, 0x2A90, 0x2A90, 0x2A90, 0x2A90, 0x2A90, 0x2A90, 0x2A90, 0x2A90,
    0x2A90, 0x2A90, 0x2A90, 0x2A90, 0x2A90, 0x2A90, 0x1127, 0x0000, 0x0000, 0x1127, 0x2A90, 0x2A90,
    0x2A90, 0x2A90, 0x2A90, 0x2A90, 0x2A90, 0x2A90, 0x2A90, 0x2A90, 0x2A90, 0x2A90, 0x2A90, 0x2A90,
    0x2A90, 0x2A90, 0x2A90, 0x2A90, 0x2A90, 0x2A90, 0x2A90, 0x2A90, 0x2A90, 0x2A90, 0x2A90, 0x2A90,
    0x2A90, 0x2A90, 0x1127, 0x0000, 0x0000, 0x0000, 0x2A90, 0x2A90, 0x2A90, 0x2A90, 0x2A90, 0x2A90,
    0x2A90, 0x2A90, 0x2A90, 0x2A90, 0x2A90, 0x2A90, 0x2A90, 0x2A90, 0x2A90, 0x2A90, 0x2A90, 0x2A90,
    0x2A90, 0x2A90, 0x2A90, 0x2A90, 0x2A90, 0x2A90, 0x2A90, 0x2A90, 0x2A90, 0x2A90, 0x0000, 0x0000,
    0x0000, 0x0000, 0x0000, 0x1127, 0x1127, 0x1127, 0x1127, 0x1127, 0x1127, 0x1127, 0x1127, 0x1127,
    0x1127, 0x1127, 0x1127, 0x1127, 0x1127, 0x1127, 0x1127, 0x1127, 0x1127, 0x1127, 0x1127, 0x1127,
    0x1127, 0x1127, 0x1127, 0x1127, 0x1127, 0x0000, 0x0000, 0x0000, 0x0000, 0x0000, 0x0000, 0x0000,
    0x0000, 0x0000, 0x0000, 0x0000, 0x0000, 0x0000, 0x0000, 0x0000, 0x0000, 0x0000, 0x0000, 0x0000,
    0x0000, 0x0000, 0x0000, 0x0000, 0x0000, 0x0000, 0x0000, 0x0000, 0x0000, 0x0000, 0x0000, 0x0000,
    0x0000, 0x0000, 0x0000, 0x0000, 0x0000, 0x0000, 0x0000, 0x0000, 0x0000, 0x0000, 0x0000, 0x0000,
    0x0000, 0x0000, 0x0000, 0x0000, 0x0000, 0x0000, 0x0000, 0x0000, 0x0000, 0x0000, 0x0000, 0x0000,
    0x0000, 0x0000, 0x0000, 0x0000, 0x0000, 0x0000, 0x0000, 0x0000, 0x0000, 0x0000, 0x0000, 0x0000,
    0x0000, 0x0000, 0x0000, 0x1127, 0x1127, 0x1127, 0x1127, 0x1127, 0x1127, 0x1127, 0x1127, 0x1127,
    0x1127, 0x1127, 0x1127, 0x1127, 0x1127, 0x1127, 0x1127, 0x1127, 0x1127, 0x1127, 0x1127, 0x1127,
    0x1127, 0x1127, 0x1127, 0x1127, 0x1127, 0x0000, 0x0000, 0x0000, 0x0000, 0x0000, 0x3B56, 0x3B56,
    0x3B56, 0x3B56, 0x3B56, 0x3B56, 0x3B56, 0x3B56, 0x3B56, 0x3B56, 0x3B56, 0x3B56, 0x3B56, 0x3B56,
    0x3B56, 0x3B56, 0x3B56, 0x3B56, 0x3B56, 0x3B56, 0x3B56, 0x3B56, 0x3B56, 0x3B56, 0x3B56, 0x3B56,
    0x3B56, 0x3B56, 0x0000, 0x0000, 0x0000, 0x1127, 0x3B55, 0x3B55, 0x3B55, 0x3B55, 0x3B55, 0x3B55,
    0x3B55, 0x3B55, 0x3B55, 0x3B55, 0x3B55, 0x3B55, 0x3B55, 0x3B55, 0x3B55, 0x3B55, 0x3B55, 0x3B55,
    0x3B55, 0x3B55, 0x3B55, 0x3B55, 0x3B55, 0x3B55, 0x3B55, 0x3B55, 0x3B55, 0x3B55, 0x1127, 0x0000,
    0x0000, 0x1127, 0x3B55, 0x3B55, 0x3B55, 0x3B55, 0x3B55, 0x3B55, 0x3B55, 0x3B55, 0x3B55, 0x3B55,
    0x3B55, 0x3B55, 0x3B55, 0x3B55, 0x3B55, 0x3B55, 0x3B55, 0x3B55, 0x3B55, 0x3B55, 0x3B55, 0x3B55,
    0x3B55, 0x3B55, 0x3B55, 0x3B55, 0x3B55, 0x3B55, 0x1127, 0x0000, 0x0000, 0x1127, 0x3B55, 0x3B55,
    0x3B55, 0x3B55, 0x3B55, 0x3B55, 0x3B55, 0x3B55, 0x3B55, 0x3B55, 0x3B55, 0x3B55, 0x3B55, 0x3B55,
    0x3B55, 0x3B55, 0x3B55, 0x3B55, 0x3B55, 0x3B55, 0x3B55, 0x3B55, 0x3B55, 0x3B55, 0x3B55, 0x3B55,
    0x3B55, 0x3B55, 0x1127, 0x0000, 0x0000, 0x1127, 0x3B35, 0x3B35, 0x3B35, 0x3B35, 0x3B35, 0x3B35,
    0x3B35, 0x3B35, 0x3B35, 0x3B35, 0x3B35, 0x3B35, 0x3B35, 0x3B35, 0x3B35, 0x3B35, 0x3B35, 0x3B35,
    0x3B35, 0x3B35, 0x3B35, 0x3B35, 0x3B35, 0x3B35, 0x3B35, 0x3B35, 0x3B35, 0x3B35, 0x1127, 0x0000,
    0x0000, 0x1127, 0x3B35, 0x3B35, 0x3B35, 0x3B35, 0x3B35, 0x3B35, 0x3B35, 0x3B35, 0x3B35, 0x3B35,
    0x3B35, 0x3B35, 0xFFFF, 0xFFFF, 0xFFFF, 0x3B35, 0x3B35, 0x3B35, 0x3B35, 0x3B35, 0x3B35, 0x3B35,
    0x3B35, 0x3B35, 0x3B35, 0x3B35, 0x3B35, 0x3B35, 0x1127, 0x0000, 0x0000, 0x1127, 0x3334, 0x3334,
    0x3334, 0x3334, 0x3334, 0x3334, 0x3334, 0x3334, 0x3334, 0x3334, 0x3334, 0x3334, 0xFFFF, 0xFFFF,
    0xFFFF, 0x3334, 0x3334, 0x3334, 0x3334, 0x3334, 0x3334, 0x3334, 0x3334, 0x3334, 0x3334, 0x3334,
    0x3334, 0x3334, 0x1127, 0x0000, 0x0000, 0x1127, 0x3334, 0x3334, 0x3334, 0x3334, 0x3334, 0x3334,
    0x3334, 0x3334, 0x3334, 0x3334, 0x3334, 0x3334, 0xFFFF, 0xFFFF, 0xFFFF, 0x3334, 0x3334, 0x3334,
    0x3334, 0x3334, 0x3334, 0x3334, 0x3334, 0x3334, 0x3334, 0x3334, 0x3334, 0x3334, 0x1127, 0x0000,
    0x0000, 0x1127, 0x3314, 0x3314, 0x3314, 0x3314, 0x3314, 0x3314, 0x3314, 0x3314, 0x3314, 0x3314,
    0x3314, 0x3314, 0xFFFF, 0xFFFF, 0xFFFF, 0x3314, 0x3314, 0x3314, 0x3314, 0x3314, 0x3314, 0x3314,
    0x3314, 0x3314, 0x3314, 0x3314, 0x3314, 0x3314, 0x1127, 0x0000, 0x0000, 0x1127, 0x3314, 0x3314,
    0x3314, 0x3314, 0x3314, 0x3314, 0x3314, 0x3314, 0x3314, 0x3314, 0x3314, 0x3314, 0xFFFF, 0xFFFF,
    0xFFFF, 0x3314, 0x3314, 0x3314, 0x3314, 0x3314, 0x3314, 0x3314, 0x3314, 0x3314, 0x3314, 0x3314,
    0x3314, 0x3314, 0x1127, 0x0000, 0x0000, 0x1127, 0x3313, 0x3313, 0x3313, 0x3313, 0x3313, 0x3313,
    0x3313, 0x3313, 0x3313, 0x3313, 0x3313, 0x3313, 0xFFFF, 0xFFFF, 0xFFFF, 0x3313, 0x3313, 0x3313,
    0x3313, 0x3313, 0x3313, 0x3313, 0x3313, 0x3313, 0x3313, 0x3313, 0x3313, 0x3313, 0x1127, 0x0000,
    0x0000, 0x1127, 0x3313, 0x3313, 0x3313, 0x3313, 0x3313, 0x3313, 0x3313, 0x3313, 0x3313, 0x3313,
    0x3313, 0x3313, 0xFFFF, 0xFFFF, 0xFFFF, 0x3313, 0x3313, 0x3313, 0x3313, 0x3313, 0x3313, 0x3313,
    0x3313, 0x3313, 0x3313, 0x3313, 0x3313, 0x3313, 0x1127, 0x0000, 0x0000, 0x1127, 0x32F3, 0x32F3,
    0x32F3, 0x32F3, 0x32F3, 0x32F3, 0x32F3, 0x32F3, 0x32F3, 0x32F3, 0x32F3, 0x32F3, 0xFFFF, 0xFFFF,
    0xFFFF, 0x32F3, 0x32F3, 0x32F3, 0x32F3, 0x32F3, 0x32F3, 0x32F3, 0x32F3, 0x32F3, 0x32F3, 0x32F3,
    0x32F3, 0x32F3, 0x1127, 0x0000, 0x0000, 0x1127, 0x32F3, 0x32F3, 0x32F3, 0x32F3, 0x32F3, 0x32F3,
    0x32F3, 0x32F3, 0x32F3, 0x32F3, 0x32F3, 0x32F3, 0xFFFF, 0xFFFF, 0xFFFF, 0x32F3, 0x32F3, 0x32F3,
    0x32F3, 0x32F3, 0x32F3, 0x32F3, 0x32F3, 0x32F3, 0x32F3, 0x32F3, 0x32F3, 0x32F3, 0x1127, 0x0000,
    0x0000, 0x1127, 0x32F3, 0x32F3, 0x32F3, 0x32F3, 0x32F3, 0x32F3, 0xFFFF, 0xFFFF, 0xFFFF, 0x32F3,
    0x32F3, 0x32F3, 0xFFFF, 0xFFFF, 0xFFFF, 0x32F3, 0x32F3, 0x32F3, 0xFFFF, 0xFFFF, 0xFFFF, 0x32F3,
    0x32F3, 0x32F3, 0x32F3, 0x32F3, 0x32F3, 0x32F3, 0x1127, 0x0000, 0x0000, 0x1127, 0x32F2, 0x32F2,
    0x32F2, 0x32F2, 0x32F2, 0x32F2, 0xFFFF, 0xFFFF, 0xFFFF, 0x32F2, 0x32F2, 0x32F2, 0xFFFF, 0xFFFF,
    0xFFFF, 0x32F2, 0x32F2, 0x32F2, 0xFFFF, 0xFFFF, 0xFFFF, 0x32F2, 0x32F2, 0x32F2, 0x32F2, 0x32F2,
    0x32F2, 0x32F2, 0x1127, 0x0000, 0x0000, 0x1127, 0x32D2, 0x32D2, 0x32D2, 0x32D2, 0x32D2, 0x32D2,
    0xFFFF, 0xFFFF, 0xFFFF, 0x32D2, 0x32D2, 0x32D2, 0xFFFF, 0xFFFF, 0xFFFF, 0x32D2, 0x32D2, 0x32D2,
    0xFFFF, 0xFFFF, 0xFFFF, 0x32D2, 0x32D2, 0x32D2, 0x32D2, 0x32D2, 0x32D2, 0x32D2, 0x1127, 0x0000,
    0x0000, 0x1127, 0x32D2, 0x32D2, 0x32D2, 0x32D2, 0x32D2, 0x32D2, 0x32D2, 0x32D2, 0x32D2, 0xFFFF,
    0xFFFF, 0xFFFF, 0xFFFF, 0xFFFF, 0xFFFF, 0xFFFF, 0xFFFF, 0xFFFF, 0x32D2, 0x32D2, 0x32D2, 0x32D2,
    0x32D2, 0x32D2, 0x32D2, 0x32D2, 0x32D2, 0x32D2, 0x1127, 0x0000, 0x0000, 0x1127, 0x32D2, 0x32D2,
    0x32D2, 0x32D2, 0x32D2, 0x32D2, 0x32D2, 0x32D2, 0x32D2, 0xFFFF, 0xFFFF, 0xFFFF, 0xFFFF, 0xFFFF,
    0xFFFF, 0xFFFF, 0xFFFF, 0xFFFF, 0x32D2, 0x32D2, 0x32D2, 0x32D2, 0x32D2, 0x32D2, 0x32D2, 0x32D2,
    0x32D2, 0x32D2, 0x1127, 0x0000, 0x0000, 0x1127, 0x32D2, 0x32D2, 0x32D2, 0x32D2, 0x32D2, 0x32D2,
    0x32D2, 0x32D2, 0x32D2, 0xFFFF, 0xFFFF, 0xFFFF, 0xFFFF, 0xFFFF, 0xFFFF, 0xFFFF, 0xFFFF, 0xFFFF,
    0x32D2, 0x32D2, 0x32D2, 0x32D2, 0x32D2, 0x32D2, 0x32D2, 0x32D2, 0x32D2, 0x32D2, 0x1127, 0x0000,
    0x0000, 0x1127, 0x2AB1, 0x2AB1, 0x2AB1, 0x2AB1, 0x2AB1, 0x2AB1, 0x2AB1, 0x2AB1, 0x2AB1, 0x2AB1,
    0x2AB1, 0x2AB1, 0xFFFF, 0xFFFF, 0xFFFF, 0x2AB1, 0x2AB1, 0x2AB1, 0x2AB1, 0x2AB1, 0x2AB1, 0x2AB1,
    0x2AB1, 0x2AB1, 0x2AB1, 0x2AB1, 0x2AB1, 0x2AB1, 0x1127, 0x0000, 0x0000, 0x1127, 0x2AB1, 0x2AB1,
    0x2AB1, 0x2AB1, 0x2AB1, 0x2AB1, 0x2AB1, 0x2AB1, 0x2AB1, 0x2AB1, 0x2AB1, 0x2AB1, 0xFFFF, 0xFFFF,
    0xFFFF, 0x2AB1, 0x2AB1, 0x2AB1, 0x2AB1, 0x2AB1, 0x2AB1, 0x2AB1, 0x2AB1, 0x2AB1, 0x2AB1, 0x2AB1,
    0x2AB1, 0x2AB1, 0x1127, 0x0000, 0x0000, 0x1127, 0x2AB1, 0x2AB1, 0x2AB1, 0x2AB1, 0x2AB1, 0x2AB1,
    0x2AB1, 0x2AB1, 0x2AB1, 0x2AB1, 0x2AB1, 0x2AB1, 0xFFFF, 0xFFFF, 0xFFFF, 0x2AB1, 0x2AB1, 0x2AB1,
    0x2AB1, 0x2AB1, 0x2AB1, 0x2AB1, 0x2AB1, 0x2AB1, 0x2AB1, 0x2AB1, 0x2AB1, 0x2AB1, 0x1127, 0x0000,
    0x0000, 0x1127, 0x2AB1, 0x2AB1, 0x2AB1, 0x2AB1, 0x2AB1, 0x2AB1, 0x2AB1, 0x2AB1, 0x2AB1, 0x2AB1,
    0x2AB1, 0x2AB1, 0x2AB1, 0x2AB1, 0x2AB1, 0x2AB1, 0x2AB1, 0x2AB1, 0x2AB1, 0x2AB1, 0x2AB1, 0x2AB1,
    0x2AB1, 0x2AB1, 0x2AB1, 0x2AB1, 0x2AB1, 0x2AB1, 0x1127, 0x0000, 0x0000, 0x1127, 0x2A91, 0x2A91,
    0x2A91, 0x2A91, 0x2A91, 0x2A91, 0x2A91, 0x2A91, 0x2A91, 0x2A91, 0x2A91, 0x2A91, 0x2A91, 0x2A91,
    0x2A91, 0x2A91, 0x2A91, 0x2A91, 0x2A91, 0x2A91, 0x2A91, 0x2A91, 0x2A91, 0x2A91, 0x2A91, 0x2A91,
    0x2A91, 0x2A91, 0x1127, 0x0000, 0x0000, 0x1127, 0x2A90, 0x2A90, 0x2A90, 0x2A90, 0x2A90, 0x2A90,
    0x2A90, 0x2A90, 0x2A90, 0x2A90, 0x2A90, 0x2A90, 0x2A90, 0x2A90, 0x2A90, 0x2A90, 0x2A90, 0x2A90,
    0x2A90, 0x2A90, 0x2A90, 0x2A90, 0x2A90, 0x2A90, 0x2A90, 0x2A90, 0x2A90, 0x2A90, 0x1127, 0x0000,
    0x0000, 0x1127, 0x2A90, 0x2A90, 0x2A90, 0x2A90, 0x2A90, 0x2A90, 0x2A90, 0x2A90, 0x2A90, 0x2A90,
    0x2A90, 0x2A90, 0x2A90, 0x2A90, 0x2A90, 0x2A90, 0x2A90, 0x2A90, 0x2A90, 0x2A90, 0x2A90, 0x2A90,
    0x2A90, 0x2A90, 0x2A90, 0x2A90, 0x2A90, 0x2A90, 0x1127, 0x0000, 0x0000, 0x0000, 0x2A90, 0x2A90,
    0x2A90, 0x2A90, 0x2A90, 0x2A90, 0x2A90, 0x2A90, 0x2A90, 0x2A90, 0x2A90, 0x2A90, 0x2A90, 0x2A90,
    0x2A90, 0x2A90, 0x2A90, 0x2A90, 0x2A90, 0x2A90, 0x2A90, 0x2A90, 0x2A90, 0x2A90, 0x2A90, 0x2A90,
    0x2A90, 0x2A90, 0x0000, 0x0000, 0x0000, 0x0000, 0x0000, 0x1127, 0x1127, 0x1127, 0x1127, 0x1127,
    0x1127, 0x1127, 0x1127, 0x1127, 0x1127, 0x1127, 0x1127, 0x1127, 0x1127, 0x1127, 0x1127, 0x1127,
    0x1127, 0x1127, 0x1127, 0x1127, 0x1127, 0x1127, 0x1127, 0x1127, 0x1127, 0x0000, 0x0000, 0x0000,
    0x0000, 0x0000, 0x0000, 0x0000, 0x0000, 0x0000, 0x0000, 0x0000, 0x0000, 0x0000, 0x0000, 0x0000,
    0x0000, 0x0000, 0x0000, 0x0000, 0x0000, 0x0000, 0x0000, 0x0000, 0x0000, 0x0000, 0x0000, 0x0000,
    0x0000, 0x0000, 0x0000, 0x0000, 0x0000, 0x0000, 0x0000, 0x0000, 0x0000, 0x0000, 0x0000, 0x0000,
    0x0000, 0x0000, 0x0000, 0x0000, 0x0000, 0x0000, 0x0000, 0x0000, 0x0000, 0x0000, 0x0000, 0x0000,
    0x0000, 0x0000, 0x0000, 0x0000, 0x0000, 0x0000, 0x0000, 0x0000, 0x0000, 0x0000, 0x0000, 0x0000,
    0x0000, 0x0000, 0x0000, 0x0000, 0x0000, 0x0000, 0x0000, 0x1164, 0x1164, 0x1164, 0x1164, 0x1164,
    0x1164, 0x1164, 0x1164, 0x1164, 0x1164, 0x1164, 0x1164, 0x1164, 0x1164, 0x1164, 0x1164, 0x1164,
    0x1164, 0x1164, 0x1164, 0x1164, 0x1164, 0x1164, 0x1164, 0x1164, 0x1164, 0x0000, 0x0000, 0x0000,
    0x0000, 0x0000, 0x3C4C, 0x3C4C, 0x3C4C, 0x3C4C, 0x3C4C, 0x3C4C, 0x3C4C, 0x3C4C, 0x3C4C, 0x3C4C,
    0x3C4C, 0x3C4C, 0x3C4C, 0x3C4C, 0x3C4C, 0x3C4C, 0x3C4C, 0x3C4C, 0x3C4C, 0x3C4C, 0x3C4C, 0x3C4C,
    0x3C4C, 0x3C4C, 0x3C4C, 0x3C4C, 0x3C4C, 0x3C4C, 0x0000, 0x0000, 0x0000, 0x1164, 0x3C2C, 0x3C2C,
    0x3C2C, 0x3C2C, 0x3C2C, 0x3C2C, 0x3C2C, 0x3C2C, 0x3C2C, 0x3C2C, 0x3C2C, 0x3C2C, 0x3C2C, 0x3C2C,
    0x3C2C, 0x3C2C, 0x3C2C, 0x3C2C, 0x3C2C, 0x3C2C, 0x3C2C, 0x3C2C, 0x3C2C, 0x3C2C, 0x3C2C, 0x3C2C,
    0x3C2C, 0x3C2C, 0x1164, 0x0000, 0x0000, 0x1164, 0x3C2C, 0x3C2C, 0x3C2C, 0x3C2C, 0x3C2C, 0x3C2C,
    0x3C2C, 0x3C2C, 0x3C2C, 0x3C2C, 0x3C2C, 0x3C2C, 0x3C2C, 0x3C2C, 0x3C2C, 0x3C2C, 0x3C2C, 0x3C2C,
    0x3C2C, 0x3C2C, 0x3C2C, 0x3C2C, 0x3C2C, 0x3C2C, 0x3C2C, 0x3C2C, 0x3C2C, 0x3C2C, 0x1164, 0x0000,
    0x0000, 0x1164, 0x3C2B, 0x3C2B, 0x3C2B, 0x3C2B, 0x3C2B, 0x3C2B, 0x3C2B, 0x3C2B, 0x3C2B, 0x3C2B,
    0x3C2B, 0x3C2B, 0x3C2B, 0x3C2B, 0x3C2B, 0x3C2B, 0x3C2B, 0x3C2B, 0x3C2B, 0x3C2B, 0x3C2B, 0x3C2B,
    0x3C2B, 0x3C2B, 0x3C2B, 0x3C2B, 0x3C2B, 0x3C2B, 0x1164, 0x0000, 0x0000, 0x1164, 0x3C0B, 0x3C0B,
    0x3C0B, 0x3C0B, 0x3C0B, 0x3C0B, 0x3C0B, 0x3C0B, 0x3C0B, 0x3C0B, 0x3C0B, 0x3C0B, 0x3C0B, 0x3C0B,
    0x3C0B, 0x3C0B, 0x3C0B, 0x3C0B, 0x3C0B, 0x3C0B, 0x3C0B, 0x3C0B, 0x3C0B, 0x3C0B, 0x3C0B, 0x3C0B,
    0x3C0B, 0x3C0B, 0x1164, 0x0000, 0x0000, 0x1164, 0x3C0B, 0x3C0B, 0x3C0B, 0x3C0B, 0x3C0B, 0x3C0B,
    0x3C0B, 0x3C0B, 0x3C0B, 0x3C0B, 0x3C0B, 0x3C0B, 0xFFFF, 0xFFFF, 0xFFFF, 0x3C0B, 0x3C0B, 0x3C0B,
    0x3C0B, 0x3C0B, 0x3C0B, 0x3C0B, 0x3C0B, 0x3C0B, 0x3C0B, 0x3C0B, 0x3C0B, 0x3C0B, 0x1164, 0x0000,
    0x0000, 0x1164, 0x340B, 0x340B, 0x340B, 0x340B, 0x340B, 0x340B, 0x340B, 0x340B, 0x340B, 0x340B,
    0x340B, 0x340B, 0xFFFF, 0xFFFF, 0xFFFF, 0x340B, 0x340B, 0x340B, 0x340B, 0x340B, 0x340B, 0x340B,
    0x340B, 0x340B, 0x340B, 0x340B, 0x340B, 0x340B, 0x1164, 0x0000, 0x0000, 0x1164, 0x33EB, 0x33EB,
    0x33EB, 0x33EB, 0x33EB, 0x33EB, 0x33EB, 0x33EB, 0x33EB, 0x33EB, 0x33EB, 0x33EB, 0xFFFF, 0xFFFF,
    0xFFFF, 0x33EB, 0x33EB, 0x33EB, 0x33EB, 0x33EB, 0x33EB, 0x33EB, 0x33EB, 0x33EB, 0x33EB, 0x33EB,
    0x33EB, 0x33EB, 0x1164, 0x0000, 0x0000, 0x1164, 0x33EB, 0x33EB, 0x33EB, 0x33EB, 0x33EB, 0x33EB,
    0x33EB, 0x33EB, 0x33EB, 0xFFFF, 0xFFFF, 0xFFFF, 0xFFFF, 0xFFFF, 0xFFFF, 0xFFFF, 0xFFFF, 0xFFFF,
    0x33EB, 0x33EB, 0x33EB, 0x33EB, 0x33EB, 0x33EB, 0x33EB, 0x33EB, 0x33EB, 0x33EB, 0x1164, 0x0000,
    0x0000, 0x1164, 0x33EB, 0x33EB, 0x33EB, 0x33EB, 0x33EB, 0x33EB, 0x33EB, 0x33EB, 0x33EB, 0xFFFF,
    0xFFFF, 0xFFFF, 0xFFFF, 0xFFFF, 0xFFFF, 0xFFFF, 0xFFFF, 0xFFFF, 0x33EB, 0x33EB, 0x33EB, 0x33EB,
    0x33EB, 0x33EB, 0x33EB, 0x33EB, 0x33EB, 0x33EB, 0x1164, 0x0000, 0x0000, 0x1164, 0x33EB, 0x33EB,
    0x33EB, 0x33EB, 0x33EB, 0x33EB, 0x33EB, 0x33EB, 0x33EB, 0xFFFF, 0xFFFF, 0xFFFF, 0xFFFF, 0xFFFF,
    0xFFFF, 0xFFFF, 0xFFFF, 0xFFFF, 0x33EB, 0x33EB, 0x33EB, 0x33EB, 0x33EB, 0x33EB, 0x33EB, 0x33EB,
    0x33EB, 0x33EB, 0x1164, 0x0000, 0x0000, 0x1164, 0x33CA, 0x33CA, 0x33CA, 0x33CA, 0x33CA, 0x33CA,
    0xFFFF, 0xFFFF, 0xFFFF, 0x33CA, 0x33CA, 0x33CA, 0xFFFF, 0xFFFF, 0xFFFF, 0x33CA, 0x33CA, 0x33CA,
    0xFFFF, 0xFFFF, 0xFFFF, 0x33CA, 0x33CA, 0x33CA, 0x33CA, 0x33CA, 0x33CA, 0x33CA, 0x1164, 0x0000,
    0x0000, 0x1164, 0x33CA, 0x33CA, 0x33CA, 0x33CA, 0x33CA, 0x33CA, 0xFFFF, 0xFFFF, 0xFFFF, 0x33CA,
    0x33CA, 0x33CA, 0xFFFF, 0xFFFF, 0xFFFF, 0x33CA, 0x33CA, 0x33CA, 0xFFFF, 0xFFFF, 0xFFFF, 0x33CA,
    0x33CA, 0x33CA, 0x33CA, 0x33CA, 0x33CA, 0x33CA, 0x1164, 0x0000, 0x0000, 0x1164, 0x33CA, 0x33CA,
    0x33CA, 0x33CA, 0x33CA, 0x33CA, 0xFFFF, 0xFFFF, 0xFFFF, 0x33CA, 0x33CA, 0x33CA, 0xFFFF, 0xFFFF,
    0xFFFF, 0x33CA, 0x33CA, 0x33CA, 0xFFFF, 0xFFFF, 0xFFFF, 0x33CA, 0x33CA, 0x33CA, 0x33CA, 0x33CA,
    0x33CA, 0x33CA, 0x1164, 0x0000, 0x0000, 0x1164, 0x33AA, 0x33AA, 0x33AA, 0x33AA, 0x33AA, 0x33AA,
    0x33AA, 0x33AA, 0x33AA, 0x33AA, 0x33AA, 0x33AA, 0xFFFF, 0xFFFF, 0xFFFF, 0x33AA, 0x33AA, 0x33AA,
    0x33AA, 0x33AA, 0x33AA, 0x33AA, 0x33AA, 0x33AA, 0x33AA, 0x33AA, 0x33AA, 0x33AA, 0x1164, 0x0000,
    0x0000, 0x1164, 0x33AA, 0x33AA, 0x33AA, 0x33AA, 0x33AA, 0x33AA, 0x33AA, 0x33AA, 0x33AA, 0x33AA,
    0x33AA, 0x33AA, 0xFFFF, 0xFFFF, 0xFFFF, 0x33AA, 0x33AA, 0x33AA, 0x33AA, 0x33AA, 0x33AA, 0x33AA,
    0x33AA, 0x33AA, 0x33AA, 0x33AA, 0x33AA, 0x33AA, 0x1164, 0x0000, 0x0000, 0x1164, 0x33AA, 0x33AA,
    0x33AA, 0x33AA, 0x33AA, 0x33AA, 0x33AA, 0x33AA, 0x33AA, 0x33AA, 0x33AA, 0x33AA, 0xFFFF, 0xFFFF,
    0xFFFF, 0x33AA, 0x33AA, 0x33AA, 0x33AA, 0x33AA, 0x33AA, 0x33AA, 0x33AA, 0x33AA, 0x33AA, 0x33AA,
    0x33AA, 0x33AA, 0x1164, 0x0000, 0x0000, 0x1164, 0x338A, 0x338A, 0x338A, 0x338A, 0x338A, 0x338A,
    0x338A, 0x338A, 0x338A, 0x338A, 0x338A, 0x338A, 0xFFFF, 0xFFFF, 0xFFFF, 0x338A, 0x338A, 0x338A,
    0x338A, 0x338A, 0x338A, 0x338A, 0x338A, 0x338A, 0x338A, 0x338A, 0x338A, 0x338A, 0x1164, 0x0000,
    0x0000, 0x1164, 0x338A, 0x338A, 0x338A, 0x338A, 0x338A, 0x338A, 0x338A, 0x338A, 0x338A, 0x338A,
    0x338A, 0x338A, 0xFFFF, 0xFFFF, 0xFFFF, 0x338A, 0x338A, 0x338A, 0x338A, 0x338A, 0x338A, 0x338A,
    0x338A, 0x338A, 0x338A, 0x338A, 0x338A, 0x338A, 0x1164, 0x0000, 0x0000, 0x1164, 0x338A, 0x338A,
    0x338A, 0x338A, 0x338A, 0x338A, 0x338A, 0x338A, 0x338A, 0x338A, 0x338A, 0x338A, 0xFFFF, 0xFFFF,
    0xFFFF, 0x338A, 0x338A, 0x338A, 0x338A, 0x338A, 0x338A, 0x338A, 0x338A, 0x338A, 0x338A, 0x338A,
    0x338A, 0x338A, 0x1164, 0x0000, 0x0000, 0x1164, 0x2B69, 0x2B69, 0x2B69, 0x2B69, 0x2B69, 0x2B69,
    0x2B69, 0x2B69, 0x2B69, 0x2B69, 0x2B69, 0x2B69, 0xFFFF, 0xFFFF, 0xFFFF, 0x2B69, 0x2B69, 0x2B69,
    0x2B69, 0x2B69, 0x2B69, 0x2B69, 0x2B69, 0x2B69, 0x2B69, 0x2B69, 0x2B69, 0x2B69, 0x1164, 0x0000,
    0x0000, 0x1164, 0x2B69, 0x2B69, 0x2B69, 0x2B69, 0x2B69, 0x2B69, 0x2B69, 0x2B69, 0x2B69, 0x2B69,
    0x2B69, 0x2B69, 0xFFFF, 0xFFFF, 0xFFFF, 0x2B69, 0x2B69, 0x2B69, 0x2B69, 0x2B69, 0x2B69, 0x2B69,
    0x2B69, 0x2B69, 0x2B69, 0x2B69, 0x2B69, 0x2B69, 0x1164, 0x0000, 0x0000, 0x1164, 0x2B69, 0x2B69,
    0x2B69, 0x2B69, 0x2B69, 0x2B69, 0x2B69, 0x2B69, 0x2B69, 0x2B69, 0x2B69, 0x2B69, 0xFFFF, 0xFFFF,
    0xFFFF, 0x2B69, 0x2B69, 0x2B69, 0x2B69, 0x2B69, 0x2B69, 0x2B69, 0x2B69, 0x2B69, 0x2B69, 0x2B69,
    0x2B69, 0x2B69, 0x1164, 0x0000, 0x0000, 0x1164, 0x2B49, 0x2B49, 0x2B49, 0x2B49, 0x2B49, 0x2B49,
    0x2B49, 0x2B49, 0x2B49, 0x2B49, 0x2B49, 0x2B49, 0x2B49, 0x2B49, 0x2B49, 0x2B49, 0x2B49, 0x2B49,
    0x2B49, 0x2B49, 0x2B49, 0x2B49, 0x2B49, 0x2B49, 0x2B49, 0x2B49, 0x2B49, 0x2B49, 0x1164, 0x0000,
    0x0000, 0x1164, 0x2B49, 0x2B49, 0x2B49, 0x2B49, 0x2B49, 0x2B49, 0x2B49, 0x2B49, 0x2B49, 0x2B49,
    0x2B49, 0x2B49, 0x2B49, 0x2B49, 0x2B49, 0x2B49, 0x2B49, 0x2B49, 0x2B49, 0x2B49, 0x2B49, 0x2B49,
    0x2B49, 0x2B49, 0x2B49, 0x2B49, 0x2B49, 0x2B49, 0x1164, 0x0000, 0x0000, 0x1164, 0x2B49, 0x2B49,
    0x2B49, 0x2B49, 0x2B49, 0x2B49, 0x2B49, 0x2B49, 0x2B49, 0x2B49, 0x2B49, 0x2B49, 0x2B49, 0x2B49,
    0x2B49, 0x2B49, 0x2B49, 0x2B49, 0x2B49, 0x2B49, 0x2B49, 0x2B49, 0x2B49, 0x2B49, 0x2B49, 0x2B49,
    0x2B49, 0x2B49, 0x1164, 0x0000, 0x0000, 0x1164, 0x2B29, 0x2B29, 0x2B29, 0x2B29, 0x2B29, 0x2B29,
    0x2B29, 0x2B29, 0x2B29, 0x2B29, 0x2B29, 0x2B29, 0x2B29, 0x2B29, 0x2B29, 0x2B29, 0x2B29, 0x2B29,
    0x2B29, 0x2B29, 0x2B29, 0x2B29, 0x2B29, 0x2B29, 0x2B29, 0x2B29, 0x2B29, 0x2B29, 0x1164, 0x0000,
    0x0000, 0x0000, 0x2B29, 0x2B29, 0x2B29, 0x2B29, 0x2B29, 0x2B29, 0x2B29, 0x2B29, 0x2B29, 0x2B29,
    0x2B29, 0x2B29, 0x2B29, 0x2B29, 0x2B29, 0x2B29, 0x2B29, 0x2B29, 0x2B29, 0x2B29, 0x2B29, 0x2B29,
    0x2B29, 0x2B29, 0x2B29, 0x2B29, 0x2B29, 0x2B29, 0x0000, 0x0000, 0x0000, 0x0000, 0x0000, 0x1164,
    0x1164, 0x1164, 0x1164, 0x1164, 0x1164, 0x1164, 0x1164, 0x1164, 0x1164, 0x1164, 0x1164, 0x1164,
    0x1164, 0x1164, 0x1164, 0x1164, 0x1164, 0x1164, 0x1164, 0x1164, 0x1164, 0x1164, 0x1164, 0x1164,
    0x1164, 0x0000, 0x0000, 0x0000, 0x0000, 0x0000, 0x0000, 0x0000, 0x0000, 0x0000, 0x0000, 0x0000,
    0x0000, 0x0000, 0x0000, 0x0000, 0x0000, 0x0000, 0x0000, 0x0000, 0x0000, 0x0000, 0x0000, 0x0000,
    0x0000, 0x0000, 0x0000, 0x0000, 0x0000, 0x0000, 0x0000, 0x0000, 0x0000, 0x0000, 0x0000, 0x0000,
    0x0000, 0x0000, 0x0000, 0x0000, 0x0000, 0x0000, 0x0000, 0x0000, 0x0000, 0x0000, 0x0000, 0x0000,
    0x0000, 0x0000, 0x0000, 0x0000, 0x0000, 0x0000, 0x0000, 0x0000, 0x0000, 0x0000, 0x0000, 0x0000,
    0x0000, 0x0000, 0x0000, 0x0000, 0x0000, 0x0000, 0x0000, 0x0000, 0x0000, 0x0000, 0x0000, 0x1164,
    0x1164, 0x1164, 0x1164, 0x1164, 0x1164, 0x1164, 0x1164, 0x1164, 0x1164, 0x1164, 0x1164, 0x1164,
    0x1164, 0x1164, 0x1164, 0x1164, 0x1164, 0x1164, 0x1164, 0x1164, 0x1164, 0x1164, 0x1164, 0x1164,
    0x1164, 0x0000, 0x0000, 0x0000, 0x0000, 0x0000, 0x3C4C, 0x3C4C, 0x3C4C, 0x3C4C, 0x3C4C, 0x3C4C,
    0x3C4C, 0x3C4C, 0x3C4C, 0x3C4C, 0x3C4C, 0x3C4C, 0x3C4C, 0x3C4C, 0x3C4C, 0x3C4C, 0x3C4C, 0x3C4C,
    0x3C4C, 0x3C4C, 0x3C4C, 0x3C4C, 0x3C4C, 0x3C4C, 0x3C4C, 0x3C4C, 0x3C4C, 0x3C4C, 0x0000, 0x0000,
    0x0000, 0x1164, 0x3C2C, 0x3C2C, 0x3C2C, 0x3C2C, 0x3C2C, 0x3C2C, 0x3C2C, 0x3C2C, 0x3C2C, 0x3C2C,
    0x3C2C, 0x3C2C, 0x3C2C, 0x3C2C, 0x3C2C, 0x3C2C, 0x3C2C, 0x3C2C, 0x3C2C, 0x3C2C, 0x3C2C, 0x3C2C,
    0x3C2C, 0x3C2C, 0x3C2C, 0x3C2C, 0x3C2C, 0x3C2C, 0x1164, 0x0000, 0x0000, 0x1164, 0x3C2C, 0x3C2C,
    0x3C2C, 0x3C2C, 0x3C2C, 0x3C2C, 0x3C2C, 0x3C2C, 0x3C2C, 0x3C2C, 0x3C2C, 0x3C2C, 0x3C2C, 0x3C2C,
    0x3C2C, 0x3C2C, 0x3C2C, 0x3C2C, 0x3C2C, 0x3C2C, 0x3C2C, 0x3C2C, 0x3C2C, 0x3C2C, 0x3C2C, 0x3C2C,
    0x3C2C, 0x3C2C, 0x1164, 0x0000, 0x0000, 0x1164, 0x3C2B, 0x3C2B, 0x3C2B, 0x3C2B, 0x3C2B, 0x3C2B,
    0x3C2B, 0x3C2B, 0x3C2B, 0x3C2B, 0x3C2B, 0x3C2B, 0x3C2B, 0x3C2B, 0x3C2B, 0x3C2B, 0x3C2B, 0x3C2B,
    0x3C2B, 0x3C2B, 0x3C2B, 0x3C2B, 0x3C2B, 0x3C2B, 0x3C2B, 0x3C2B, 0x3C2B, 0x3C2B, 0x1164, 0x0000,
    0x0000, 0x1164, 0x3C0B, 0x3C0B, 0x3C0B, 0x3C0B, 0x3C0B, 0x3C0B, 0x3C0B, 0x3C0B, 0x3C0B, 0x3C0B,
    0x3C0B, 0x3C0B, 0x3C0B, 0x3C0B, 0x3C0B, 0x3C0B, 0x3C0B, 0x3C0B, 0x3C0B, 0x3C0B, 0x3C0B, 0x3C0B,
    0x3C0B, 0x3C0B, 0x3C0B, 0x3C0B, 0x3C0B, 0x3C0B, 0x1164, 0x0000, 0x0000, 0x1164, 0x3C0B, 0x3C0B,
    0x3C0B, 0x3C0B, 0x3C0B, 0x3C0B, 0x3C0B, 0x3C0B, 0x3C0B, 0x3C0B, 0x3C0B, 0x3C0B, 0xFFFF, 0xFFFF,
    0xFFFF, 0x3C0B, 0x3C0B, 0x3C0B, 0x3C0B, 0x3C0B, 0x3C0B, 0x3C0B, 0x3C0B, 0x3C0B, 0x3C0B, 0x3C0B,
    0x3C0B, 0x3C0B, 0x1164, 0x0000, 0x0000, 0x1164, 0x340B, 0x340B, 0x340B, 0x340B, 0x340B, 0x340B,
    0x340B, 0x340B, 0x340B, 0x340B, 0x340B, 0x340B, 0xFFFF, 0xFFFF, 0xFFFF, 0x340B, 0x340B, 0x340B,
    0x340B, 0x340B, 0x340B, 0x340B, 0x340B, 0x340B, 0x340B, 0x340B, 0x340B, 0x340B, 0x1164, 0x0000,
    0x0000, 0x1164, 0x33EB, 0x33EB, 0x33EB, 0x33EB, 0x33EB, 0x33EB, 0x33EB, 0x33EB, 0x33EB, 0x33EB,
    0x33EB, 0x33EB, 0xFFFF, 0xFFFF, 0xFFFF, 0x33EB, 0x33EB, 0x33EB, 0x33EB, 0x33EB, 0x33EB, 0x33EB,
    0x33EB, 0x33EB, 0x33EB, 0x33EB, 0x33EB, 0x33EB, 0x1164, 0x0000, 0x0000, 0x1164, 0x33EB, 0x33EB,
    0x33EB, 0x33EB, 0x33EB, 0x33EB, 0x33EB, 0x33EB, 0x33EB, 0x33EB, 0x33EB, 0x33EB, 0xFFFF, 0xFFFF,
    0xFFFF, 0x33EB, 0x33EB, 0x33EB, 0x33EB, 0x33EB, 0x33EB, 0x33EB, 0x33EB, 0x33EB, 0x33EB, 0x33EB,
    0x33EB, 0x33EB, 0x1164, 0x0000, 0x0000, 0x1164, 0x33EB, 0x33EB, 0x33EB, 0x33EB, 0x33EB, 0x33EB,
    0x33EB, 0x33EB, 0x33EB, 0x33EB, 0x33EB, 0x33EB, 0xFFFF, 0xFFFF, 0xFFFF, 0x33EB, 0x33EB, 0x33EB,
    0x33EB, 0x33EB, 0x33EB, 0x33EB, 0x33EB, 0x33EB, 0x33EB, 0x33EB, 0x33EB, 0x33EB, 0x1164, 0x0000,
    0x0000, 0x1164, 0x33EB, 0x33EB, 0x33EB, 0x33EB, 0x33EB, 0x33EB, 0x33EB, 0x33EB, 0x33EB, 0x33EB,
    0x33EB, 0x33EB, 0xFFFF, 0xFFFF, 0xFFFF, 0x33EB, 0x33EB, 0x33EB, 0x33EB, 0x33EB, 0x33EB, 0x33EB,
    0x33EB, 0x33EB, 0x33EB, 0x33EB, 0x33EB, 0x33EB, 0x1164, 0x0000, 0x0000, 0x1164, 0x33CA, 0x33CA,
    0x33CA, 0x33CA, 0x33CA, 0x33CA, 0x33CA, 0x33CA, 0x33CA, 0x33CA, 0x33CA, 0x33CA, 0xFFFF, 0xFFFF,
    0xFFFF, 0x33CA, 0x33CA, 0x33CA, 0x33CA, 0x33CA, 0x33CA, 0x33CA, 0x33CA, 0x33CA, 0x33CA, 0x33CA,
    0x33CA, 0x33CA, 0x1164, 0x0000, 0x0000, 0x1164, 0x33CA, 0x33CA, 0x33CA, 0x33CA, 0x33CA, 0x33CA,
    0x33CA, 0x33CA, 0x33CA, 0x33CA, 0x33CA, 0x33CA, 0xFFFF, 0xFFFF, 0xFFFF, 0x33CA, 0x33CA, 0x33CA,
    0x33CA, 0x33CA, 0x33CA, 0x33CA, 0x33CA, 0x33CA, 0x33CA, 0x33CA, 0x33CA, 0x33CA, 0x1164, 0x0000,
    0x0000, 0x1164, 0x33CA, 0x33CA, 0x33CA, 0x33CA, 0x33CA, 0x33CA, 0x33CA, 0x33CA, 0x33CA, 0x33CA,
    0x33CA, 0x33CA, 0xFFFF, 0xFFFF, 0xFFFF, 0x33CA, 0x33CA, 0x33CA, 0x33CA, 0x33CA, 0x33CA, 0x33CA,
    0x33CA, 0x33CA, 0x33CA, 0x33CA, 0x33CA, 0x33CA, 0x1164, 0x0000, 0x0000, 0x1164, 0x33AA, 0x33AA,
    0x33AA, 0x33AA, 0x33AA, 0x33AA, 0xFFFF, 0xFFFF, 0xFFFF, 0x33AA, 0x33AA, 0x33AA, 0xFFFF, 0xFFFF,
    0xFFFF, 0x33AA, 0x33AA, 0x33AA, 0xFFFF, 0xFFFF, 0xFFFF, 0x33AA, 0x33AA, 0x33AA, 0x33AA, 0x33AA,
    0x33AA, 0x33AA, 0x1164, 0x0000, 0x0000, 0x1164, 0x33AA, 0x33AA, 0x33AA, 0x33AA, 0x33AA, 0x33AA,
    0xFFFF, 0xFFFF, 0xFFFF, 0x33AA, 0x33AA, 0x33AA, 0xFFFF, 0xFFFF, 0xFFFF, 0x33AA, 0x33AA, 0x33AA,
    0xFFFF, 0xFFFF, 0xFFFF, 0x33AA, 0x33AA, 0x33AA, 0x33AA, 0x33AA, 0x33AA, 0x33AA, 0x1164, 0x0000,
    0x0000, 0x1164, 0x33AA, 0x33AA, 0x33AA, 0x33AA, 0x33AA, 0x33AA, 0xFFFF, 0xFFFF, 0xFFFF, 0x33AA,
    0x33AA, 0x33AA, 0xFFFF, 0xFFFF, 0xFFFF, 0x33AA, 0x33AA, 0x33AA, 0xFFFF, 0xFFFF, 0xFFFF, 0x33AA,
    0x33AA, 0x33AA, 0x33AA, 0x33AA, 0x33AA, 0x33AA, 0x1164, 0x0000, 0x0000, 0x1164, 0x338A, 0x338A,
    0x338A, 0x338A, 0x338A, 0x338A, 0x338A, 0x338A, 0x338A, 0xFFFF, 0xFFFF, 0xFFFF, 0xFFFF, 0xFFFF,
    0xFFFF, 0xFFFF, 0xFFFF, 0xFFFF, 0x338A, 0x338A, 0x338A, 0x338A, 0x338A, 0x338A, 0x338A, 0x338A,
    0x338A, 0x338A, 0x1164, 0x0000, 0x0000, 0x1164, 0x338A, 0x338A, 0x338A, 0x338A, 0x338A, 0x338A,
    0x338A, 0x338A, 0x338A, 0xFFFF, 0xFFFF, 0xFFFF, 0xFFFF, 0xFFFF, 0xFFFF, 0xFFFF, 0xFFFF, 0xFFFF,
    0x338A, 0x338A, 0x338A, 0x338A, 0x338A, 0x338A, 0x338A, 0x338A, 0x338A, 0x338A, 0x1164, 0x0000,
    0x0000, 0x1164, 0x338A, 0x338A, 0x338A, 0x338A, 0x338A, 0x338A, 0x338A, 0x338A, 0x338A, 0xFFFF,
    0xFFFF, 0xFFFF, 0xFFFF, 0xFFFF, 0xFFFF, 0xFFFF, 0xFFFF, 0xFFFF, 0x338A, 0x338A, 0x338A, 0x338A,
    0x338A, 0x338A, 0x338A, 0x338A, 0x338A, 0x338A, 0x1164, 0x0000, 0x0000, 0x1164, 0x2B69, 0x2B69,
    0x2B69, 0x2B69, 0x2B69, 0x2B69, 0x2B69, 0x2B69, 0x2B69, 0x2B69, 0x2B69, 0x2B69, 0xFFFF, 0xFFFF,
    0xFFFF, 0x2B69, 0x2B69, 0x2B69, 0x2B69, 0x2B69, 0x2B69, 0x2B69, 0x2B69, 0x2B69, 0x2B69, 0x2B69,
    0x2B69, 0x2B69, 0x1164, 0x0000, 0x0000, 0x1164, 0x2B69, 0x2B69, 0x2B69, 0x2B69, 0x2B69, 0x2B69,
    0x2B69, 0x2B69, 0x2B69, 0x2B69, 0x2B69, 0x2B69, 0xFFFF, 0xFFFF, 0xFFFF, 0x2B69, 0x2B69, 0x2B69,
    0x2B69, 0x2B69, 0x2B69, 0x2B69, 0x2B69, 0x2B69, 0x2B69, 0x2B69, 0x2B69, 0x2B69, 0x1164, 0x0000,
    0x0000, 0x1164, 0x2B69, 0x2B69, 0x2B69, 0x2B69, 0x2B69, 0x2B69, 0x2B69, 0x2B69, 0x2B69, 0x2B69,
    0x2B69, 0x2B69, 0xFFFF, 0xFFFF, 0xFFFF, 0x2B69, 0x2B69, 0x2B69, 0x2B69, 0x2B69, 0x2B69, 0x2B69,
    0x2B69, 0x2B69, 0x2B69, 0x2B69, 0x2B69, 0x2B69, 0x1164, 0x0000, 0x0000, 0x1164, 0x2B49, 0x2B49,
    0x2B49, 0x2B49, 0x2B49, 0x2B49, 0x2B49, 0x2B49, 0x2B49, 0x2B49, 0x2B49, 0x2B49, 0x2B49, 0x2B49,
    0x2B49, 0x2B49, 0x2B49, 0x2B49, 0x2B49, 0x2B49, 0x2B49, 0x2B49, 0x2B49, 0x2B49, 0x2B49, 0x2B49,
    0x2B49, 0x2B49, 0x1164, 0x0000, 0x0000, 0x1164, 0x2B49, 0x2B49, 0x2B49, 0x2B49, 0x2B49, 0x2B49,
    0x2B49, 0x2B49, 0x2B49, 0x2B49, 0x2B49, 0x2B49, 0x2B49, 0x2B49, 0x2B49, 0x2B49, 0x2B49, 0x2B49,
    0x2B49, 0x2B49, 0x2B49, 0x2B49, 0x2B49, 0x2B49, 0x2B49, 0x2B49, 0x2B49, 0x2B49, 0x1164, 0x0000,
    0x0000, 0x1164, 0x2B49, 0x2B49, 0x2B49, 0x2B49, 0x2B49, 0x2B49, 0x2B49, 0x2B49, 0x2B49, 0x2B49,
    0x2B49, 0x2B49, 0x2B49, 0x2B49, 0x2B49, 0x2B49, 0x2B49, 0x2B49, 0x2B49, 0x2B49, 0x2B49, 0x2B49,
    0x2B49, 0x2B49, 0x2B49, 0x2B49, 0x2B49, 0x2B49, 0x1164, 0x0000, 0x0000, 0x1164, 0x2B29, 0x2B29,
    0x2B29, 0x2B29, 0x2B29, 0x2B29, 0x2B29, 0x2B29, 0x2B29, 0x2B29, 0x2B29, 0x2B29, 0x2B29, 0x2B29,
    0x2B29, 0x2B29, 0x2B29, 0x2B29, 0x2B29, 0x2B29, 0x2B29, 0x2B29, 0x2B29, 0x2B29, 0x2B29, 0x2B29,
    0x2B29, 0x2B29, 0x1164, 0x0000, 0x0000, 0x0000, 0x2B29, 0x2B29, 0x2B29, 0x2B29, 0x2B29, 0x2B29,
    0x2B29, 0x2B29, 0x2B29, 0x2B29, 0x2B29, 0x2B29, 0x2B29, 0x2B29, 0x2B29, 0x2B29, 0x2B29, 0x2B29,
    0x2B29, 0x2B29, 0x2B29, 0x2B29, 0x2B29, 0x2B29, 0x2B29, 0x2B29, 0x2B29, 0x2B29, 0x0000, 0x0000,
    0x0000, 0x0000, 0x0000, 0x1164, 0x1164, 0x1164, 0x1164, 0x1164, 0x1164, 0x1164, 0x1164, 0x1164,
    0x1164, 0x1164, 0x1164, 0x1164, 0x1164, 0x1164, 0x1164, 0x1164, 0x1164, 0x1164, 0x1164, 0x1164,
    0x1164, 0x1164, 0x1164, 0x1164, 0x1164, 0x0000, 0x0000, 0x0000, 0x0000, 0x0000, 0x0000, 0x0000,
    0x0000, 0x0000, 0x0000, 0x0000, 0x0000, 0x0000, 0x0000, 0x0000, 0x0000, 0x0000, 0x0000, 0x0000,
    0x0000, 0x0000, 0x0000, 0x0000, 0x0000, 0x0000, 0x0000, 0x0000, 0x0000, 0x0000, 0x0000, 0x0000,
    0x0000, 0x0000, 0x0000, 0x0000, 0x0000, 0x0000, 0x0000, 0x0000, 0x0000, 0x0000, 0x0000, 0x0000,
    0x0000, 0x0000, 0x0000, 0x0000, 0x0000, 0x0000, 0x0000, 0x0000, 0x0000, 0x0000, 0x0000, 0x0000,
    0x0000, 0x0000, 0x0000, 0x0000, 0x0000, 0x0000, 0x0000, 0x0000, 0x0000, 0x0000, 0x0000, 0x0000,
    0x0000, 0x0000, 0x0000, 0x2902, 0x2902, 0x2902, 0x2902, 0x2902, 0x2902, 0x2902, 0x2902, 0x2902,
    0x2902, 0x2902, 0x2902, 0x2902, 0x2902, 0x2902, 0x2902, 0x2902, 0x2902, 0x2902, 0x2902, 0x2902,
    0x2902, 0x2902, 0x2902, 0x2902, 0x2902, 0x0000, 0x0000, 0x0000, 0x0000, 0x0000, 0x8B06, 0x8B06,
    0x8B06, 0x8B06, 0x8B06, 0x8B06, 0x8B06, 0x8B06, 0x8B06, 0x8B06, 0x8B06, 0x8B06, 0x8B06, 0x8B06,
    0x8B06, 0x8B06, 0x8B06, 0x8B06, 0x8B06, 0x8B06, 0x8B06, 0x8B06, 0x8B06, 0x8B06, 0x8B06, 0x8B06,
    0x8B06, 0x8B06, 0x0000, 0x0000, 0x0000, 0x2902, 0x8306, 0x8306, 0x8306, 0x8306, 0x8306, 0x8306,
    0x8306, 0x8306, 0x8306, 0x8306, 0x8306, 0x8306, 0x8306, 0x8306, 0x8306, 0x8306, 0x8306, 0x8306,
    0x8306, 0x8306, 0x8306, 0x8306, 0x8306, 0x8306, 0x8306, 0x8306, 0x8306, 0x8306, 0x2902, 0x0000,
    0x0000, 0x2902, 0x8306, 0x8306, 0x8306, 0x8306, 0x8306, 0x8306, 0x8306, 0x8306, 0x8306, 0x8306,
    0x8306, 0x8306, 0x8306, 0x8306, 0x8306, 0x8306, 0x8306, 0x8306, 0x8306, 0x8306, 0x8306, 0x8306,
    0x8306, 0x8306, 0x8306, 0x8306, 0x8306, 0x8306, 0x2902, 0x0000, 0x0000, 0x2902, 0x82E5, 0x82E5,
    0x82E5, 0x82E5, 0x82E5, 0x82E5, 0x82E5, 0x82E5, 0x82E5, 0x82E5, 0x82E5, 0x82E5, 0x82E5, 0x82E5,
    0x82E5, 0x82E5, 0x82E5, 0x82E5, 0x82E5, 0x82E5, 0x82E5, 0x82E5, 0x82E5, 0x82E5, 0x82E5, 0x82E5,
    0x82E5, 0x82E5, 0x2902, 0x0000, 0x0000, 0x2902, 0x82E5, 0x82E5, 0x82E5, 0x82E5, 0x82E5, 0x82E5,
    0x82E5, 0x82E5, 0x82E5, 0x82E5, 0x82E5, 0x82E5, 0x82E5, 0x82E5, 0x82E5, 0x82E5, 0x82E5, 0x82E5,
    0x82E5, 0x82E5, 0x82E5, 0x82E5, 0x82E5, 0x82E5, 0x82E5, 0x82E5, 0x82E5, 0x82E5, 0x2902, 0x0000,
    0x0000, 0x2902, 0x82E5, 0x82E5, 0x82E5, 0x82E5, 0x82E5, 0x82E5, 0xFFFF, 0xFFFF, 0xFFFF, 0xFFFF,
    0xFFFF, 0xFFFF, 0xFFFF, 0xFFFF, 0xFFFF, 0x82E5, 0x82E5, 0x82E5, 0xFFFF, 0xFFFF, 0xFFFF, 0x82E5,
    0x82E5, 0x82E5, 0x82E5, 0x82E5, 0x82E5, 0x82E5, 0x2902, 0x0000, 0x0000, 0x2902, 0x82E5, 0x82E5,
    0x82E5, 0x82E5, 0x82E5, 0x82E5, 0xFFFF, 0xFFFF, 0xFFFF, 0xFFFF, 0xFFFF, 0xFFFF, 0xFFFF, 0xFFFF,
    0xFFFF, 0x82E5, 0x82E5, 0x82E5, 0xFFFF, 0xFFFF, 0xFFFF, 0x82E5, 0x82E5, 0x82E5, 0x82E5, 0x82E5,
    0x82E5, 0x82E5, 0x2902, 0x0000, 0x0000, 0x2902, 0x7AC5, 0x7AC5, 0x7AC5, 0x7AC5, 0x7AC5, 0x7AC5,
    0xFFFF, 0xFFFF, 0xFFFF, 0xFFFF, 0xFFFF, 0xFFFF, 0xFFFF, 0xFFFF, 0xFFFF, 0x7AC5, 0x7AC5, 0x7AC5,
    0xFFFF, 0xFFFF, 0xFFFF, 0x7AC5, 0x7AC5, 0x7AC5, 0x7AC5, 0x7AC5, 0x7AC5, 0x7AC5, 0x2902, 0x0000,
    0x0000, 0x2902, 0x7AC5, 0x7AC5, 0x7AC5, 0x7AC5, 0x7AC5, 0x7AC5, 0xFFFF, 0xFFFF, 0xFFFF, 0x7AC5,
    0x7AC5, 0x7AC5, 0x7AC5, 0x7AC5, 0x7AC5, 0x7AC5, 0x7AC5, 0x7AC5, 0xFFFF, 0xFFFF, 0xFFFF, 0x7AC5,
    0x7AC5, 0x7AC5, 0x7AC5, 0x7AC5, 0x7AC5, 0x7AC5, 0x2902, 0x0000, 0x0000, 0x2902, 0x7AC5, 0x7AC5,
    0x7AC5, 0x7AC5, 0x7AC5, 0x7AC5, 0xFFFF, 0xFFFF, 0xFFFF, 0x7AC5, 0x7AC5, 0x7AC5, 0x7AC5, 0x7AC5,
    0x7AC5, 0x7AC5, 0x7AC5, 0x7AC5, 0xFFFF, 0xFFFF, 0xFFFF, 0x7AC5, 0x7AC5, 0x7AC5, 0x7AC5, 0x7AC5,
    0x7AC5, 0x7AC5, 0x2902, 0x0000, 0x0000, 0x2902, 0x7AC5, 0x7AC5, 0x7AC5, 0x7AC5, 0x7AC5, 0x7AC5,
    0xFFFF, 0xFFFF, 0xFFFF, 0x7AC5, 0x7AC5, 0x7AC5, 0x7AC5, 0x7AC5, 0x7AC5, 0x7AC5, 0x7AC5, 0x7AC5,
    0xFFFF, 0xFFFF, 0xFFFF, 0x7AC5, 0x7AC5, 0x7AC5, 0x7AC5, 0x7AC5, 0x7AC5, 0x7AC5, 0x2902, 0x0000,
    0x0000, 0x2902, 0x7AA5, 0x7AA5, 0x7AA5, 0x7AA5, 0x7AA5, 0x7AA5, 0xFFFF, 0xFFFF, 0xFFFF, 0xFFFF,
    0xFFFF, 0xFFFF, 0x7AA5, 0x7AA5, 0x7AA5, 0xFFFF, 0xFFFF, 0xFFFF, 0xFFFF, 0xFFFF, 0xFFFF, 0x7AA5,
    0x7AA5, 0x7AA5, 0x7AA5, 0x7AA5, 0x7AA5, 0x7AA5, 0x2902, 0x0000, 0x0000, 0x2902, 0x7AA5, 0x7AA5,
    0x7AA5, 0x7AA5, 0x7AA5, 0x7AA5, 0xFFFF, 0xFFFF, 0xFFFF, 0xFFFF, 0xFFFF, 0xFFFF, 0x7AA5, 0x7AA5,
    0x7AA5, 0xFFFF, 0xFFFF, 0xFFFF, 0xFFFF, 0xFFFF, 0xFFFF, 0x7AA5, 0x7AA5, 0x7AA5, 0x7AA5, 0x7AA5,
    0x7AA5, 0x7AA5, 0x2902, 0x0000, 0x0000, 0x2902, 0x7AA5, 0x7AA5, 0x7AA5, 0x7AA5, 0x7AA5, 0x7AA5,
    0xFFFF, 0xFFFF, 0xFFFF, 0xFFFF, 0xFFFF, 0xFFFF, 0x7AA5, 0x7AA5, 0x7AA5, 0xFFFF, 0xFFFF, 0xFFFF,
    0xFFFF, 0xFFFF, 0xFFFF, 0x7AA5, 0x7AA5, 0x7AA5, 0x7AA5, 0x7AA5, 0x7AA5, 0x7AA5, 0x2902, 0x0000,
    0x0000, 0x2902, 0x72A5, 0x72A5, 0x72A5, 0x72A5, 0x72A5, 0x72A5, 0xFFFF, 0xFFFF, 0xFFFF, 0x72A5,
    0x72A5, 0x72A5, 0x72A5, 0x72A5, 0x72A5, 0x72A5, 0x72A5, 0x72A5, 0xFFFF, 0xFFFF, 0xFFFF, 0x72A5,
    0x72A5, 0x72A5, 0x72A5, 0x72A5, 0x72A5, 0x72A5, 0x2902, 0x0000, 0x0000, 0x2902, 0x72A5, 0x72A5,
    0x72A5, 0x72A5, 0x72A5, 0x72A5, 0xFFFF, 0xFFFF, 0xFFFF, 0x72A5, 0x72A5, 0x72A5, 0x72A5, 0x72A5,
    0x72A5, 0x72A5, 0x72A5, 0x72A5, 0xFFFF, 0xFFFF, 0xFFFF, 0x72A5, 0x72A5, 0x72A5, 0x72A5, 0x72A5,
    0x72A5, 0x72A5, 0x2902, 0x0000, 0x0000, 0x2902, 0x7285, 0x7285, 0x7285, 0x7285, 0x7285, 0x7285,
    0xFFFF, 0xFFFF, 0xFFFF, 0x7285, 0x7285, 0x7285, 0x7285, 0x7285, 0x7285, 0x7285, 0x7285, 0x7285,
    0xFFFF, 0xFFFF, 0xFFFF, 0x7285, 0x7285, 0x7285, 0x7285, 0x7285, 0x7285, 0x7285, 0x2902, 0x0000,
    0x0000, 0x2902, 0x7285, 0x7285, 0x7285, 0x7285, 0x7285, 0x7285, 0xFFFF, 0xFFFF, 0xFFFF, 0x7285,
    0x7285, 0x7285, 0x7285, 0x7285, 0x7285, 0x7285, 0x7285, 0x7285, 0xFFFF, 0xFFFF, 0xFFFF, 0x7285,
    0x7285, 0x7285, 0x7285, 0x7285, 0x7285, 0x7285, 0x2902, 0x0000, 0x0000, 0x2902, 0x7285, 0x7285,
    0x7285, 0x7285, 0x7285, 0x7285, 0xFFFF, 0xFFFF, 0xFFFF, 0x7285, 0x7285, 0x7285, 0x7285, 0x7285,
    0x7285, 0x7285, 0x7285, 0x7285, 0xFFFF, 0xFFFF, 0xFFFF, 0x7285, 0x7285, 0x7285, 0x7285, 0x7285,
    0x7285, 0x7285, 0x2902, 0x0000, 0x0000, 0x2902, 0x7285, 0x7285, 0x7285, 0x7285, 0x7285, 0x7285,
    0xFFFF, 0xFFFF, 0xFFFF, 0x7285, 0x7285, 0x7285, 0x7285, 0x7285, 0x7285, 0x7285, 0x7285, 0x7285,
    0xFFFF, 0xFFFF, 0xFFFF, 0x7285, 0x7285, 0x7285, 0x7285, 0x7285, 0x7285, 0x7285, 0x2902, 0x0000,
    0x0000, 0x2902, 0x6A64, 0x6A64, 0x6A64, 0x6A64, 0x6A64, 0x6A64, 0xFFFF, 0xFFFF, 0xFFFF, 0x6A64,
    0x6A64, 0x6A64, 0x6A64, 0x6A64, 0x6A64, 0x6A64, 0x6A64, 0x6A64, 0xFFFF, 0xFFFF, 0xFFFF, 0x6A64,
    0x6A64, 0x6A64, 0x6A64, 0x6A64, 0x6A64, 0x6A64, 0x2902, 0x0000, 0x0000, 0x2902, 0x6A64, 0x6A64,
    0x6A64, 0x6A64, 0x6A64, 0x6A64, 0xFFFF, 0xFFFF, 0xFFFF, 0x6A64, 0x6A64, 0x6A64, 0x6A64, 0x6A64,
    0x6A64, 0x6A64, 0x6A64, 0x6A64, 0xFFFF, 0xFFFF, 0xFFFF, 0x6A64, 0x6A64, 0x6A64, 0x6A64, 0x6A64,
    0x6A64, 0x6A64, 0x2902, 0x0000, 0x0000, 0x2902, 0x6A64, 0x6A64, 0x6A64, 0x6A64, 0x6A64, 0x6A64,
    0xFFFF, 0xFFFF, 0xFFFF, 0x6A64, 0x6A64, 0x6A64, 0x6A64, 0x6A64, 0x6A64, 0x6A64, 0x6A64, 0x6A64,
    0xFFFF, 0xFFFF, 0xFFFF, 0x6A64, 0x6A64, 0x6A64, 0x6A64, 0x6A64, 0x6A64, 0x6A64, 0x2902, 0x0000,
    0x0000, 0x2902, 0x6A64, 0x6A64, 0x6A64, 0x6A64, 0x6A64, 0x6A64, 0x6A64, 0x6A64, 0x6A64, 0x6A64,
    0x6A64, 0x6A64, 0x6A64, 0x6A64, 0x6A64, 0x6A64, 0x6A64, 0x6A64, 0x6A64, 0x6A64, 0x6A64, 0x6A64,
    0x6A64, 0x6A64, 0x6A64, 0x6A64, 0x6A64, 0x6A64, 0x2902, 0x0000, 0x0000, 0x2902, 0x6A64, 0x6A64,
    0x6A64, 0x6A64, 0x6A64, 0x6A64, 0x6A64, 0x6A64, 0x6A64, 0x6A64, 0x6A64, 0x6A64, 0x6A64, 0x6A64,
    0x6A64, 0x6A64, 0x6A64, 0x6A64, 0x6A64, 0x6A64, 0x6A64, 0x6A64, 0x6A64, 0x6A64, 0x6A64, 0x6A64,
    0x6A64, 0x6A64, 0x2902, 0x0000, 0x0000, 0x2902, 0x6A44, 0x6A44, 0x6A44, 0x6A44, 0x6A44, 0x6A44,
    0x6A44, 0x6A44, 0x6A44, 0x6A44, 0x6A44, 0x6A44, 0x6A44, 0x6A44, 0x6A44, 0x6A44, 0x6A44, 0x6A44,
    0x6A44, 0x6A44, 0x6A44, 0x6A44, 0x6A44, 0x6A44, 0x6A44, 0x6A44, 0x6A44, 0x6A44, 0x2902, 0x0000,
    0x0000, 0x2902, 0x6244, 0x6244, 0x6244, 0x6244, 0x6244, 0x6244, 0x6244, 0x6244, 0x6244, 0x6244,
    0x6244, 0x6244, 0x6244, 0x6244, 0x6244, 0x6244, 0x6244, 0x6244, 0x6244, 0x6244, 0x6244, 0x6244,
    0x6244, 0x6244, 0x6244, 0x6244, 0x6244, 0x6244, 0x2902, 0x0000, 0x0000, 0x0000, 0x6244, 0x6244,
    0x6244, 0x6244, 0x6244, 0x6244, 0x6244, 0x6244, 0x6244, 0x6244, 0x6244, 0x6244, 0x6244, 0x6244,
    0x6244, 0x6244, 0x6244, 0x6244, 0x6244, 0x6244, 0x6244, 0x6244, 0x6244, 0x6244, 0x6244, 0x6244,
    0x6244, 0x6244, 0x0000, 0x0000, 0x0000, 0x0000, 0x0000, 0x2902, 0x2902, 0x2902, 0x2902, 0x2902,
    0x2902, 0x2902, 0x2902, 0x2902, 0x2902, 0x2902, 0x2902, 0x2902, 0x2902, 0x2902, 0x2902, 0x2902,
    0x2902, 0x2902, 0x2902, 0x2902, 0x2902, 0x2902, 0x2902, 0x2902, 0x2902, 0x0000, 0x0000, 0x0000,
    0x0000, 0x0000, 0x0000, 0x0000, 0x0000, 0x0000, 0x0000, 0x0000, 0x0000, 0x0000, 0x0000, 0x0000,
    0x0000, 0x0000, 0x0000, 0x0000, 0x0000, 0x0000, 0x0000, 0x0000, 0x0000, 0x0000, 0x0000, 0x0000,
    0x0000, 0x0000, 0x0000, 0x0000, 0x0000, 0x0000, 0x0000, 0x0000, 0x0000, 0x0000, 0x0000, 0x0000,
    0x0000, 0x0000, 0x0000, 0x0000, 0x0000, 0x0000, 0x0000, 0x0000, 0x0000, 0x0000, 0x0000, 0x0000,
    0x0000, 0x0000, 0x0000, 0x0000, 0x0000, 0x0000, 0x0000, 0x0000, 0x0000, 0x0000, 0x0000, 0x0000,
    0x0000, 0x0000, 0x0000, 0x0000, 0x0000, 0x0000, 0x0000, 0x2902, 0x2902, 0x2902, 0x2902, 0x2902,
    0x2902, 0x2902, 0x2902, 0x2902, 0x2902, 0x2902, 0x2902, 0x2902, 0x2902, 0x2902, 0x2902, 0x2902,
    0x2902, 0x2902, 0x2902, 0x2902, 0x2902, 0x2902, 0x2902, 0x2902, 0x2902, 0x0000, 0x0000, 0x0000,
    0x0000, 0x0000, 0x8B06, 0x8B06, 0x8B06, 0x8B06, 0x8B06, 0x8B06, 0x8B06, 0x8B06, 0x8B06, 0x8B06,
    0x8B06, 0x8B06, 0x8B06, 0x8B06, 0x8B06, 0x8B06, 0x8B06, 0x8B06, 0x8B06, 0x8B06, 0x8B06, 0x8B06,
    0x8B06, 0x8B06, 0x8B06, 0x8B06, 0x8B06, 0x8B06, 0x0000, 0x0000, 0x0000, 0x2902, 0x8306, 0x8306,
    0x8306, 0x8306, 0x8306, 0x8306, 0x8306, 0x8306, 0x8306, 0x8306, 0x8306, 0x8306, 0x8306, 0x8306,
    0x8306, 0x8306, 0x8306, 0x8306, 0x8306, 0x8306, 0x8306, 0x8306, 0x8306, 0x8306, 0x8306, 0x8306,
    0x8306, 0x8306, 0x2902, 0x0000, 0x0000, 0x2902, 0x8306, 0x8306, 0x8306, 0x8306, 0x8306, 0x8306,
    0x8306, 0x8306, 0x8306, 0x8306, 0x8306, 0x8306, 0x8306, 0x8306, 0x8306, 0x8306, 0x8306, 0x8306,
    0x8306, 0x8306, 0x8306, 0x8306, 0x8306, 0x8306, 0x8306, 0x8306, 0x8306, 0x8306, 0x2902, 0x0000,
    0x0000, 0x2902, 0x82E5, 0x82E5, 0x82E5, 0x82E5, 0x82E5, 0x82E5, 0x82E5, 0x82E5, 0x82E5, 0x82E5,
    0x82E5, 0x82E5, 0x82E5, 0x82E5, 0x82E5, 0x82E5, 0x82E5, 0x82E5, 0x82E5, 0x82E5, 0x82E5, 0x82E5,
    0x82E5, 0x82E5, 0x82E5, 0x82E5, 0x82E5, 0x82E5, 0x2902, 0x0000, 0x0000, 0x2902, 0x82E5, 0x82E5,
    0x82E5, 0x82E5, 0x82E5, 0x82E5, 0x82E5, 0x82E5, 0x82E5, 0x82E5, 0x82E5, 0x82E5, 0x82E5, 0x82E5,
    0x82E5, 0x82E5, 0x82E5, 0x82E5, 0x82E5, 0x82E5, 0x82E5, 0x82E5, 0x82E5, 0x82E5, 0x82E5, 0x82E5,
    0x82E5, 0x82E5, 0x2902, 0x0000, 0x0000, 0x2902, 0x82E5, 0x82E5, 0x82E5, 0x82E5, 0x82E5, 0x82E5,
    0x82E5, 0x82E5, 0x82E5, 0xFFFF, 0xFFFF, 0xFFFF, 0x82E5, 0x82E5, 0x82E5, 0x82E5, 0x82E5, 0x82E5,
    0xFFFF, 0xFFFF, 0xFFFF, 0x82E5, 0x82E5, 0x82E5, 0x82E5, 0x82E5, 0x82E5, 0x82E5, 0x2902, 0x0000,
    0x0000, 0x2902, 0x82E5, 0x82E5, 0x82E5, 0x82E5, 0x82E5, 0x82E5, 0x82E5, 0x82E5, 0x82E5, 0xFFFF,
    0xFFFF, 0xFFFF, 0x82E5, 0x82E5, 0x82E5, 0x82E5, 0x82E5, 0x82E5, 0xFFFF, 0xFFFF, 0xFFFF, 0x82E5,
    0x82E5, 0x82E5, 0x82E5, 0x82E5, 0x82E5, 0x82E5, 0x2902, 0x0000, 0x0000, 0x2902, 0x7AC5, 0x7AC5,
    0x7AC5, 0x7AC5, 0x7AC5, 0x7AC5, 0x7AC5, 0x7AC5, 0x7AC5, 0xFFFF, 0xFFFF, 0xFFFF, 0x7AC5, 0x7AC5,
    0x7AC5, 0x7AC5, 0x7AC5, 0x7AC5, 0xFFFF, 0xFFFF, 0xFFFF, 0x7AC5, 0x7AC5, 0x7AC5, 0x7AC5, 0x7AC5,
    0x7AC5, 0x7AC5, 0x2902, 0x0000, 0x0000, 0x2902, 0x7AC5, 0x7AC5, 0x7AC5, 0x7AC5, 0x7AC5, 0x7AC5,
    0xFFFF, 0xFFFF, 0xFFFF, 0x7AC5, 0x7AC5, 0x7AC5, 0xFFFF, 0xFFFF, 0xFFFF, 0x7AC5, 0x7AC5, 0x7AC5,
    0xFFFF, 0xFFFF, 0xFFFF, 0x7AC5, 0x7AC5, 0x7AC5, 0x7AC5, 0x7AC5, 0x7AC5, 0x7AC5, 0x2902, 0x0000,
    0x0000, 0x2902, 0x7AC5, 0x7AC5, 0x7AC5, 0x7AC5, 0x7AC5, 0x7AC5, 0xFFFF, 0xFFFF, 0xFFFF, 0x7AC5,
    0x7AC5, 0x7AC5, 0xFFFF, 0xFFFF, 0xFFFF, 0x7AC5, 0x7AC5, 0x7AC5, 0xFFFF, 0xFFFF, 0xFFFF, 0x7AC5,
    0x7AC5, 0x7AC5, 0x7AC5, 0x7AC5, 0x7AC5, 0x7AC5, 0x2902, 0x0000, 0x0000, 0x2902, 0x7AC5, 0x7AC5,
    0x7AC5, 0x7AC5, 0x7AC5, 0x7AC5, 0xFFFF, 0xFFFF, 0xFFFF, 0x7AC5, 0x7AC5, 0x7AC5, 0xFFFF, 0xFFFF,
    0xFFFF, 0x7AC5, 0x7AC5, 0x7AC5, 0xFFFF, 0xFFFF, 0xFFFF, 0x7AC5, 0x7AC5, 0x7AC5, 0x7AC5, 0x7AC5,
    0x7AC5, 0x7AC5, 0x2902, 0x0000, 0x0000, 0x2902, 0x7AA5, 0x7AA5, 0x7AA5, 0x7AA5, 0x7AA5, 0x7AA5,
    0xFFFF, 0xFFFF, 0xFFFF, 0x7AA5, 0x7AA5, 0x7AA5, 0xFFFF, 0xFFFF, 0xFFFF, 0xFFFF, 0xFFFF, 0xFFFF,
    0xFFFF, 0xFFFF, 0xFFFF, 0x7AA5, 0x7AA5, 0x7AA5, 0x7AA5, 0x7AA5, 0x7AA5, 0x7AA5, 0x2902, 0x0000,
    0x0000, 0x2902, 0x7AA5, 0x7AA5, 0x7AA5, 0x7AA5, 0x7AA5, 0x7AA5, 0xFFFF, 0xFFFF, 0xFFFF, 0x7AA5,
    0x7AA5, 0x7AA5, 0xFFFF, 0xFFFF, 0xFFFF, 0xFFFF, 0xFFFF, 0xFFFF, 0xFFFF, 0xFFFF, 0xFFFF, 0x7AA5,
    0x7AA5, 0x7AA5, 0x7AA5, 0x7AA5, 0x7AA5, 0x7AA5, 0x2902, 0x0000, 0x0000, 0x2902, 0x7AA5, 0x7AA5,
    0x7AA5, 0x7AA5, 0x7AA5, 0x7AA5, 0xFFFF, 0xFFFF, 0xFFFF, 0x7AA5, 0x7AA5, 0x7AA5, 0xFFFF, 0xFFFF,
    0xFFFF, 0xFFFF, 0xFFFF, 0xFFFF, 0xFFFF, 0xFFFF, 0xFFFF, 0x7AA5, 0x7AA5, 0x7AA5, 0x7AA5, 0x7AA5,
    0x7AA5, 0x7AA5, 0x2902, 0x0000, 0x0000, 0x2902, 0x72A5, 0x72A5, 0x72A5, 0x72A5, 0x72A5, 0x72A5,
    0xFFFF, 0xFFFF, 0xFFFF, 0xFFFF, 0xFFFF, 0xFFFF, 0xFFFF, 0xFFFF, 0xFFFF, 0x72A5, 0x72A5, 0x72A5,
    0xFFFF, 0xFFFF, 0xFFFF, 0x72A5, 0x72A5, 0x72A5, 0x72A5, 0x72A5, 0x72A5, 0x72A5, 0x2902, 0x0000,
    0x0000, 0x2902, 0x72A5, 0x72A5, 0x72A5, 0x72A5, 0x72A5, 0x72A5, 0xFFFF, 0xFFFF, 0xFFFF, 0xFFFF,
    0xFFFF, 0xFFFF, 0xFFFF, 0xFFFF, 0xFFFF, 0x72A5, 0x72A5, 0x72A5, 0xFFFF, 0xFFFF, 0xFFFF, 0x72A5,
    0x72A5, 0x72A5, 0x72A5, 0x72A5, 0x72A5, 0x72A5, 0x2902, 0x0000, 0x0000, 0x2902, 0x7285, 0x7285,
    0x7285, 0x7285, 0x7285, 0x7285, 0xFFFF, 0xFFFF, 0xFFFF, 0xFFFF, 0xFFFF, 0xFFFF, 0xFFFF, 0xFFFF,
    0xFFFF, 0x7285, 0x7285, 0x7285, 0xFFFF, 0xFFFF, 0xFFFF, 0x7285, 0x7285, 0x7285, 0x7285, 0x7285,
    0x7285, 0x7285, 0x2902, 0x0000, 0x0000, 0x2902, 0x7285, 0x7285, 0x7285, 0x7285, 0x7285, 0x7285,
    0xFFFF, 0xFFFF, 0xFFFF, 0x7285, 0x7285, 0x7285, 0x7285, 0x7285, 0x7285, 0x7285, 0x7285, 0x7285,
    0xFFFF, 0xFFFF, 0xFFFF, 0x7285, 0x7285, 0x7285, 0x7285, 0x7285, 0x7285, 0x7285, 0x2902, 0x0000,
    0x0000, 0x2902, 0x7285, 0x7285, 0x7285, 0x7285, 0x7285, 0x7285, 0xFFFF, 0xFFFF, 0xFFFF, 0x7285,
    0x7285, 0x7285, 0x7285, 0x7285, 0x7285, 0x7285, 0x7285, 0x7285, 0xFFFF, 0xFFFF, 0xFFFF, 0x7285,
    0x7285, 0x7285, 0x7285, 0x7285, 0x7285, 0x7285, 0x2902, 0x0000, 0x0000, 0x2902, 0x7285, 0x7285,
    0x7285, 0x7285, 0x7285, 0x7285, 0xFFFF, 0xFFFF, 0xFFFF, 0x7285, 0x7285, 0x7285, 0x7285, 0x7285,
    0x7285, 0x7285, 0x7285, 0x7285, 0xFFFF, 0xFFFF, 0xFFFF, 0x7285, 0x7285, 0x7285, 0x7285, 0x7285,
    0x7285, 0x7285, 0x2902, 0x0000, 0x0000, 0x2902, 0x6A64, 0x6A64, 0x6A64, 0x6A64, 0x6A64, 0x6A64,
    0xFFFF, 0xFFFF, 0xFFFF, 0x6A64, 0x6A64, 0x6A64, 0x6A64, 0x6A64, 0x6A64, 0x6A64, 0x6A64, 0x6A64,
    0xFFFF, 0xFFFF, 0xFFFF, 0x6A64, 0x6A64, 0x6A64, 0x6A64, 0x6A64, 0x6A64, 0x6A64, 0x2902, 0x0000,
    0x0000, 0x2902, 0x6A64, 0x6A64, 0x6A64, 0x6A64, 0x6A64, 0x6A64, 0xFFFF, 0xFFFF, 0xFFFF, 0x6A64,
    0x6A64, 0x6A64, 0x6A64, 0x6A64, 0x6A64, 0x6A64, 0x6A64, 0x6A64, 0xFFFF, 0xFFFF, 0xFFFF, 0x6A64,
    0x6A64, 0x6A64, 0x6A64, 0x6A64, 0x6A64, 0x6A64, 0x2902, 0x0000, 0x0000, 0x2902, 0x6A64, 0x6A64,
    0x6A64, 0x6A64, 0x6A64, 0x6A64, 0xFFFF, 0xFFFF, 0xFFFF, 0x6A64, 0x6A64, 0x6A64, 0x6A64, 0x6A64,
    0x6A64, 0x6A64, 0x6A64, 0x6A64, 0xFFFF, 0xFFFF, 0xFFFF, 0x6A64, 0x6A64, 0x6A64, 0x6A64, 0x6A64,
    0x6A64, 0x6A64, 0x2902, 0x0000, 0x0000, 0x2902, 0x6A64, 0x6A64, 0x6A64, 0x6A64, 0x6A64, 0x6A64,
    0x6A64, 0x6A64, 0x6A64, 0x6A64, 0x6A64, 0x6A64, 0x6A64, 0x6A64, 0x6A64, 0x6A64, 0x6A64, 0x6A64,
    0x6A64, 0x6A64, 0x6A64, 0x6A64, 0x6A64, 0x6A64, 0x6A64, 0x6A64, 0x6A64, 0x6A64, 0x2902, 0x0000,
    0x0000, 0x2902, 0x6A64, 0x6A64, 0x6A64, 0x6A64, 0x6A64, 0x6A64, 0x6A64, 0x6A64, 0x6A64, 0x6A64,
    0x6A64, 0x6A64, 0x6A64, 0x6A64, 0x6A64, 0x6A64, 0x6A64, 0x6A64, 0x6A64, 0x6A64, 0x6A64, 0x6A64,
    0x6A64, 0x6A64, 0x6A64, 0x6A64, 0x6A64, 0x6A64, 0x2902, 0x0000, 0x0000, 0x2902, 0x6A44, 0x6A44,
    0x6A44, 0x6A44, 0x6A44, 0x6A44, 0x6A44, 0x6A44, 0x6A44, 0x6A44, 0x6A44, 0x6A44, 0x6A44, 0x6A44,
    0x6A44, 0x6A44, 0x6A44, 0x6A44, 0x6A44, 0x6A44, 0x6A44, 0x6A44, 0x6A44, 0x6A44, 0x6A44, 0x6A44,
    0x6A44, 0x6A44, 0x2902, 0x0000, 0x0000, 0x2902, 0x6244, 0x6244, 0x6244, 0x6244, 0x6244, 0x6244,
    0x6244, 0x6244, 0x6244, 0x6244, 0x6244, 0x6244, 0x6244, 0x6244, 0x6244, 0x6244, 0x6244, 0x6244,
    0x6244, 0x6244, 0x6244, 0x6244, 0x6244, 0x6244, 0x6244, 0x6244, 0x6244, 0x6244, 0x2902, 0x0000,
    0x0000, 0x0000, 0x6244, 0x6244, 0x6244, 0x6244, 0x6244, 0x6244, 0x6244, 0x6244, 0x6244, 0x6244,
    0x6244, 0x6244, 0x6244, 0x6244, 0x6244, 0x6244, 0x6244, 0x6244, 0x6244, 0x6244, 0x6244, 0x6244,
    0x6244, 0x6244, 0x6244, 0x6244, 0x6244, 0x6244, 0x0000, 0x0000, 0x0000, 0x0000, 0x0000, 0x2902,
    0x2902, 0x2902, 0x2902, 0x2902, 0x2902, 0x2902, 0x2902, 0x2902, 0x2902, 0x2902, 0x2902, 0x2902,
    0x2902, 0x2902, 0x2902, 0x2902, 0x2902, 0x2902, 0x2902, 0x2902, 0x2902, 0x2902, 0x2902, 0x2902,
    0x2902, 0x0000, 0x0000, 0x0000, 0x0000, 0x0000, 0x0000, 0x0000, 0x0000, 0x0000, 0x0000, 0x0000,
    0x0000, 0x0000, 0x0000, 0x0000, 0x0000, 0x0000, 0x0000, 0x0000, 0x0000, 0x0000, 0x0000, 0x0000,
    0x0000, 0x0000, 0x0000, 0x0000, 0x0000, 0x0000, 0x0000, 0x0000, 0x0000, 0x0000, 0x0000, 0x0000,
    0x0000, 0x0000, 0x0000, 0x0000, 0x0000, 0x0000, 0x0000, 0x0000, 0x0000, 0x0000, 0x0000, 0x0000,
    0x0000, 0x0000, 0x0000, 0x0000, 0x0000, 0x0000, 0x0000, 0x0000, 0x0000, 0x0000, 0x0000, 0x0000,
    0x0000, 0x0000, 0x0000, 0x0000, 0x0000, 0x0000, 0x0000, 0x0000, 0x0000, 0x0000, 0x0000, 0x2902,
    0x2902, 0x2902, 0x2902, 0x2902, 0x2902, 0x2902, 0x2902, 0x2902, 0x2902, 0x2902, 0x2902, 0x2902,
    0x2902, 0x2902, 0x2902, 0x2902, 0x2902, 0x2902, 0x2902, 0x2902, 0x2902, 0x2902, 0x2902, 0x2902,
    0x2902, 0x0000, 0x0000, 0x0000, 0x0000, 0x0000, 0x8B06, 0x8B06, 0x8B06, 0x8B06, 0x8B06, 0x8B06,
    0x8B06, 0x8B06, 0x8B06, 0x8B06, 0x8B06, 0x8B06, 0x8B06, 0x8B06, 0x8B06, 0x8B06, 0x8B06, 0x8B06,
    0x8B06, 0x8B06, 0x8B06, 0x8B06, 0x8B06, 0x8B06, 0x8B06, 0x8B06, 0x8B06, 0x8B06, 0x0000, 0x0000,
    0x0000, 0x2902, 0x8306, 0x8306, 0x8306, 0x8306, 0x8306, 0x8306, 0x8306, 0x8306, 0x8306, 0x8306,
    0x8306, 0x8306, 0x8306, 0x8306, 0x8306, 0x8306, 0x8306, 0x8306, 0x8306, 0x8306, 0x8306, 0x8306,
    0x8306, 0x8306, 0x8306, 0x8306, 0x8306, 0x8306, 0x2902, 0x0000, 0x0000, 0x2902, 0x8306, 0x8306,
    0x8306, 0x8306, 0x8306, 0x8306, 0x8306, 0x8306, 0x8306, 0x8306, 0x8306, 0x8306, 0x8306, 0x8306,
    0x8306, 0x8306, 0x8306, 0x8306, 0x8306, 0x8306, 0x8306, 0x8306, 0x8306, 0x8306, 0x8306, 0x8306,
    0x8306, 0x8306, 0x2902, 0x0000, 0x0000, 0x2902, 0x82E5, 0x82E5, 0x82E5, 0x82E5, 0x82E5, 0x82E5,
    0x82E5, 0x82E5, 0x82E5, 0x82E5, 0x82E5, 0x82E5, 0x82E5, 0x82E5, 0x82E5, 0x82E5, 0x82E5, 0x82E5,
    0x82E5, 0x82E5, 0x82E5, 0x82E5, 0x82E5, 0x82E5, 0x82E5, 0x82E5, 0x82E5, 0x82E5, 0x2902, 0x0000,
    0x0000, 0x2902, 0x82E5, 0x82E5, 0x82E5, 0x82E5, 0x82E5, 0x82E5, 0x82E5, 0x82E5, 0x82E5, 0x82E5,
    0x82E5, 0x82E5, 0x82E5, 0x82E5, 0x82E5, 0x82E5, 0x82E5, 0x82E5, 0x82E5, 0x82E5, 0x82E5, 0x82E5,
    0x82E5, 0x82E5, 0x82E5, 0x82E5, 0x82E5, 0x82E5, 0x2902, 0x0000, 0x0000, 0x2902, 0x82E5, 0x82E5,
    0x82E5, 0x82E5, 0x82E5, 0x82E5, 0x82E5, 0x82E5, 0x82E5, 0x82E5, 0x82E5, 0x82E5, 0x82E5, 0x82E5,
    0x82E5, 0x82E5, 0x82E5, 0x82E5, 0x82E5, 0x82E5, 0x82E5, 0x82E5, 0x82E5, 0x82E5, 0x82E5, 0x82E5,
    0x82E5, 0x82E5, 0x2902, 0x0000, 0x0000, 0x2902, 0x82E5, 0x82E5, 0x82E5, 0x82E5, 0x82E5, 0x82E5,
    0x82E5, 0x82E5, 0x82E5, 0xFFFF, 0xFFFF, 0xFFFF, 0x82E5, 0x82E5, 0x82E5, 0xFFFF, 0xFFFF, 0xFFFF,
    0xFFFF, 0xFFFF, 0xFFFF, 0x82E5, 0x82E5, 0x82E5, 0x82E5, 0x82E5, 0x82E5, 0x82E5, 0x2902, 0x0000,
    0x0000, 0x2902, 0x7AC5, 0x7AC5, 0x7AC5, 0x7AC5, 0x7AC5, 0x7AC5, 0x7AC5, 0x7AC5, 0x7AC5, 0xFFFF,
    0xFFFF, 0xFFFF, 0x7AC5, 0x7AC5, 0x7AC5, 0xFFFF, 0xFFFF, 0xFFFF, 0xFFFF, 0xFFFF, 0xFFFF, 0x7AC5,
    0x7AC5, 0x7AC5, 0x7AC5, 0x7AC5, 0x7AC5, 0x7AC5, 0x2902, 0x0000, 0x0000, 0x2902, 0x7AC5, 0x7AC5,
    0x7AC5, 0x7AC5, 0x7AC5, 0x7AC5, 0x7AC5, 0x7AC5, 0x7AC5, 0xFFFF, 0xFFFF, 0xFFFF, 0x7AC5, 0x7AC5,
    0x7AC5, 0xFFFF, 0xFFFF, 0xFFFF, 0xFFFF, 0xFFFF, 0xFFFF, 0x7AC5, 0x7AC5, 0x7AC5, 0x7AC5, 0x7AC5,
    0x7AC5, 0x7AC5, 0x2902, 0x0000, 0x0000, 0x2902, 0x7AC5, 0x7AC5, 0x7AC5, 0x7AC5, 0x7AC5, 0x7AC5,
    0xFFFF, 0xFFFF, 0xFFFF, 0x7AC5, 0x7AC5, 0x7AC5, 0xFFFF, 0xFFFF, 0xFFFF, 0xFFFF, 0xFFFF, 0xFFFF,
    0x7AC5, 0x7AC5, 0x7AC5, 0x7AC5, 0x7AC5, 0x7AC5, 0x7AC5, 0x7AC5, 0x7AC5, 0x7AC5, 0x2902, 0x0000,
    0x0000, 0x2902, 0x7AC5, 0x7AC5, 0x7AC5, 0x7AC5, 0x7AC5, 0x7AC5, 0xFFFF, 0xFFFF, 0xFFFF, 0x7AC5,
    0x7AC5, 0x7AC5, 0xFFFF, 0xFFFF, 0xFFFF, 0xFFFF, 0xFFFF, 0xFFFF, 0x7AC5, 0x7AC5, 0x7AC5, 0x7AC5,
    0x7AC5, 0x7AC5, 0x7AC5, 0x7AC5, 0x7AC5, 0x7AC5, 0x2902, 0x0000, 0x0000, 0x2902, 0x7AA5, 0x7AA5,
    0x7AA5, 0x7AA5, 0x7AA5, 0x7AA5, 0xFFFF, 0xFFFF, 0xFFFF, 0x7AA5, 0x7AA5, 0x7AA5, 0xFFFF, 0xFFFF,
    0xFFFF, 0xFFFF, 0xFFFF, 0xFFFF, 0x7AA5, 0x7AA5, 0x7AA5, 0x7AA5, 0x7AA5, 0x7AA5, 0x7AA5, 0x7AA5,
    0x7AA5, 0x7AA5, 0x2902, 0x0000, 0x0000, 0x2902, 0x7AA5, 0x7AA5, 0x7AA5, 0x7AA5, 0x7AA5, 0x7AA5,
    0xFFFF, 0xFFFF, 0xFFFF, 0xFFFF, 0xFFFF, 0xFFFF, 0xFFFF, 0xFFFF, 0xFFFF, 0x7AA5, 0x7AA5, 0x7AA5,
    0x7AA5, 0x7AA5, 0x7AA5, 0x7AA5, 0x7AA5, 0x7AA5, 0x7AA5, 0x7AA5, 0x7AA5, 0x7AA5, 0x2902, 0x0000,
    0x0000, 0x2902, 0x7AA5, 0x7AA5, 0x7AA5, 0x7AA5, 0x7AA5, 0x7AA5, 0xFFFF, 0xFFFF, 0xFFFF, 0xFFFF,
    0xFFFF, 0xFFFF, 0xFFFF, 0xFFFF, 0xFFFF, 0x7AA5, 0x7AA5, 0x7AA5, 0x7AA5, 0x7AA5, 0x7AA5, 0x7AA5,
    0x7AA5, 0x7AA5, 0x7AA5, 0x7AA5, 0x7AA5, 0x7AA5, 0x2902, 0x0000, 0x0000, 0x2902, 0x72A5, 0x72A5,
    0x72A5, 0x72A5, 0x72A5, 0x72A5, 0xFFFF, 0xFFFF, 0xFFFF, 0xFFFF, 0xFFFF, 0xFFFF, 0xFFFF, 0xFFFF,
    0xFFFF, 0x72A5, 0x72A5, 0x72A5, 0x72A5, 0x72A5, 0x72A5, 0x72A5, 0x72A5, 0x72A5, 0x72A5, 0x72A5,
    0x72A5, 0x72A5, 0x2902, 0x0000, 0x0000, 0x2902, 0x72A5, 0x72A5, 0x72A5, 0x72A5, 0x72A5, 0x72A5,
    0xFFFF, 0xFFFF, 0xFFFF, 0x72A5, 0x72A5, 0x72A5, 0xFFFF, 0xFFFF, 0xFFFF, 0x72A5, 0x72A5, 0x72A5,
    0xFFFF, 0xFFFF, 0xFFFF, 0x72A5, 0x72A5, 0x72A5, 0x72A5, 0x72A5, 0x72A5, 0x72A5, 0x2902, 0x0000,
    0x0000, 0x2902, 0x7285, 0x7285, 0x7285, 0x7285, 0x7285, 0x7285, 0xFFFF, 0xFFFF, 0xFFFF, 0x7285,
    0x7285, 0x7285, 0xFFFF, 0xFFFF, 0xFFFF, 0x7285, 0x7285, 0x7285, 0xFFFF, 0xFFFF, 0xFFFF, 0x7285,
    0x7285, 0x7285, 0x7285, 0x7285, 0x7285, 0x7285, 0x2902, 0x0000, 0x0000, 0x2902, 0x7285, 0x7285,
    0x7285, 0x7285, 0x7285, 0x7285, 0xFFFF, 0xFFFF, 0xFFFF, 0x7285, 0x7285, 0x7285, 0xFFFF, 0xFFFF,
    0xFFFF, 0x7285, 0x7285, 0x7285, 0xFFFF, 0xFFFF, 0xFFFF, 0x7285, 0x7285, 0x7285, 0x7285, 0x7285,
    0x7285, 0x7285, 0x2902, 0x0000, 0x0000, 0x2902, 0x7285, 0x7285, 0x7285, 0x7285, 0x7285, 0x7285,
    0xFFFF, 0xFFFF, 0xFFFF, 0x7285, 0x7285, 0x7285, 0xFFFF, 0xFFFF, 0xFFFF, 0x7285, 0x7285, 0x7285,
    0xFFFF, 0xFFFF, 0xFFFF, 0x7285, 0x7285, 0x7285, 0x7285, 0x7285, 0x7285, 0x7285, 0x2902, 0x0000,
    0x0000, 0x2902, 0x7285, 0x7285, 0x7285, 0x7285, 0x7285, 0x7285, 0xFFFF, 0xFFFF, 0xFFFF, 0x7285,
    0x7285, 0x7285, 0xFFFF, 0xFFFF, 0xFFFF, 0x7285, 0x7285, 0x7285, 0xFFFF, 0xFFFF, 0xFFFF, 0x7285,
    0x7285, 0x7285, 0x7285, 0x7285, 0x7285, 0x7285, 0x2902, 0x0000, 0x0000, 0x2902, 0x6A64, 0x6A64,
    0x6A64, 0x6A64, 0x6A64, 0x6A64, 0xFFFF, 0xFFFF, 0xFFFF, 0x6A64, 0x6A64, 0x6A64, 0xFFFF, 0xFFFF,
    0xFFFF, 0x6A64, 0x6A64, 0x6A64, 0xFFFF, 0xFFFF, 0xFFFF, 0x6A64, 0x6A64, 0x6A64, 0x6A64, 0x6A64,
    0x6A64, 0x6A64, 0x2902, 0x0000, 0x0000, 0x2902, 0x6A64, 0x6A64, 0x6A64, 0x6A64, 0x6A64, 0x6A64,
    0x6A64, 0x6A64, 0x6A64, 0x6A64, 0x6A64, 0x6A64, 0x6A64, 0x6A64, 0x6A64, 0x6A64, 0x6A64, 0x6A64,
    0x6A64, 0x6A64, 0x6A64, 0x6A64, 0x6A64, 0x6A64, 0x6A64, 0x6A64, 0x6A64, 0x6A64, 0x2902, 0x0000,
    0x0000, 0x2902, 0x6A64, 0x6A64, 0x6A64, 0x6A64, 0x6A64, 0x6A64, 0x6A64, 0x6A64, 0x6A64, 0x6A64,
    0x6A64, 0x6A64, 0x6A64, 0x6A64, 0x6A64, 0x6A64, 0x6A64, 0x6A64, 0x6A64, 0x6A64, 0x6A64, 0x6A64,
    0x6A64, 0x6A64, 0x6A64, 0x6A64, 0x6A64, 0x6A64, 0x2902, 0x0000, 0x0000, 0x2902, 0x6A64, 0x6A64,
    0x6A64, 0x6A64, 0x6A64, 0x6A64, 0x6A64, 0x6A64, 0x6A64, 0x6A64, 0x6A64, 0x6A64, 0x6A64, 0x6A64,
    0x6A64, 0x6A64, 0x6A64, 0x6A64, 0x6A64, 0x6A64, 0x6A64, 0x6A64, 0x6A64, 0x6A64, 0x6A64, 0x6A64,
    0x6A64, 0x6A64, 0x2902, 0x0000, 0x0000, 0x2902, 0x6A64, 0x6A64, 0x6A64, 0x6A64, 0x6A64, 0x6A64,
    0x6A64, 0x6A64, 0x6A64, 0x6A64, 0x6A64, 0x6A64, 0x6A64, 0x6A64, 0x6A64, 0x6A64, 0x6A64, 0x6A64,
    0x6A64, 0x6A64, 0x6A64, 0x6A64, 0x6A64, 0x6A64, 0x6A64, 0x6A64, 0x6A64, 0x6A64, 0x2902, 0x0000,
    0x0000, 0x2902, 0x6A44, 0x6A44, 0x6A44, 0x6A44, 0x6A44, 0x6A44, 0x6A44, 0x6A44, 0x6A44, 0x6A44,
    0x6A44, 0x6A44, 0x6A44, 0x6A44, 0x6A44, 0x6A44, 0x6A44, 0x6A44, 0x6A44, 0x6A44, 0x6A44, 0x6A44,
    0x6A44, 0x6A44, 0x6A44, 0x6A44, 0x6A44, 0x6A44, 0x2902, 0x0000, 0x0000, 0x2902, 0x6244, 0x6244,
    0x6244, 0x6244, 0x6244, 0x6244, 0x6244, 0x6244, 0x6244, 0x6244, 0x6244, 0x6244, 0x6244, 0x6244,
    0x6244, 0x6244, 0x6244, 0x6244, 0x6244, 0x6244, 0x6244, 0x6244, 0x6244, 0x6244, 0x6244, 0x6244,
    0x6244, 0x6244, 0x2902, 0x0000, 0x0000, 0x0000, 0x6244, 0x6244, 0x6244, 0x6244, 0x6244, 0x6244,
    0x6244, 0x6244, 0x6244, 0x6244, 0x6244, 0x6244, 0x6244, 0x6244, 0x6244, 0x6244, 0x6244, 0x6244,
    0x6244, 0x6244, 0x6244, 0x6244, 0x6244, 0x6244, 0x6244, 0x6244, 0x6244, 0x6244, 0x0000, 0x0000,
    0x0000, 0x0000, 0x0000, 0x2902, 0x2902, 0x2902, 0x2902, 0x2902, 0x2902, 0x2902, 0x2902, 0x2902,
    0x2902, 0x2902, 0x2902, 0x2902, 0x2902, 0x2902, 0x2902, 0x2902, 0x2902, 0x2902, 0x2902, 0x2902,
    0x2902, 0x2902, 0x2902, 0x2902, 0x2902, 0x0000, 0x0000, 0x0000, 0x0000, 0x0000, 0x0000, 0x0000,
    0x0000, 0x0000, 0x0000, 0x0000, 0x0000, 0x0000, 0x0000, 0x0000, 0x0000, 0x0000, 0x0000, 0x0000,
    0x0000, 0x0000, 0x0000, 0x0000, 0x0000, 0x0000, 0x0000, 0x0000, 0x0000, 0x0000, 0x0000, 0x0000,
    0x0000, 0x0000, 0x0000, 0x0000, 0x0000, 0x0000, 0x0000, 0x0000, 0x0000, 0x0000, 0x0000, 0x0000,
    0x0000, 0x0000, 0x0000, 0x0000, 0x0000, 0x0000, 0x0000, 0x0000, 0x0000, 0x0000, 0x0000, 0x0000,
    0x0000, 0x0000, 0x0000, 0x0000, 0x0000, 0x0000, 0x0000, 0x0000, 0x0000, 0x0000, 0x0000, 0x0000,
    0x0000, 0x0000, 0x0000, 0x18C5, 0x18C5, 0x18C5, 0x18C5, 0x18C5, 0x18C5, 0x18C5, 0x18C5, 0x18C5,
    0x18C5, 0x18C5, 0x18C5, 0x18C5, 0x18C5, 0x18C5, 0x18C5, 0x18C5, 0x18C5, 0x18C5, 0x18C5, 0x18C5,
    0x18C5, 0x18C5, 0x18C5, 0x18C5, 0x18C5, 0x0000, 0x0000, 0x0000, 0x0000, 0x0000, 0x4A6E, 0x4A6E,
    0x4A6E, 0x4A6E, 0x4A6E, 0x4A6E, 0x4A6E, 0x4A6E, 0x4A6E, 0x4A6E, 0x4A6E, 0x4A6E, 0x4A6E, 0x4A6E,
    0x4A6E, 0x4A6E, 0x4A6E, 0x4A6E, 0x4A6E, 0x4A6E, 0x4A6E, 0x4A6E, 0x4A6E, 0x4A6E, 0x4A6E, 0x4A6E,
    0x4A6E, 0x4A6E, 0x0000, 0x0000, 0x0000, 0x18C5, 0x4A6E, 0x4A6E, 0x4A6E, 0x4A6E, 0x4A6E, 0x4A6E,
    0x4A6E, 0x4A6E, 0x4A6E, 0x4A6E, 0x4A6E, 0x4A6E, 0x4A6E, 0x4A6E, 0x4A6E, 0x4A6E, 0x4A6E, 0x4A6E,
    0x4A6E, 0x4A6E, 0x4A6E, 0x4A6E, 0x4A6E, 0x4A6E, 0x4A6E, 0x4A6E, 0x4A6E, 0x4A6E, 0x18C5, 0x0000,
    0x0000, 0x18C5, 0x4A6E, 0x4A6E, 0x4A6E, 0x4A6E, 0x4A6E, 0x4A6E, 0x4A6E, 0x4A6E, 0x4A6E, 0x4A6E,
    0x4A6E, 0x4A6E, 0x4A6E, 0x4A6E, 0x4A6E, 0x4A6E, 0x4A6E, 0x4A6E, 0x4A6E, 0x4A6E, 0x4A6E, 0x4A6E,
    0x4A6E, 0x4A6E, 0x4A6E, 0x4A6E, 0x4A6E, 0x4A6E, 0x18C5, 0x0000, 0x0000, 0x18C5, 0x4A6E, 0x4A6E,
    0x4A6E, 0x4A6E, 0x4A6E, 0x4A6E, 0xFFFF, 0xFFFF, 0xFFFF, 0xFFFF, 0xFFFF, 0xFFFF, 0xFFFF, 0xFFFF,
    0xFFFF, 0xFFFF, 0xFFFF, 0xFFFF, 0xFFFF, 0xFFFF, 0xFFFF, 0x4A6E, 0x4A6E, 0x4A6E, 0x4A6E, 0x4A6E,
    0x4A6E, 0x4A6E, 0x18C5, 0x0000, 0x0000, 0x18C5, 0x4A4E, 0x4A4E, 0x4A4E, 0x4A4E, 0x4A4E, 0x4A4E,
    0xFFFF, 0xFFFF, 0xFFFF, 0xFFFF, 0xFFFF, 0xFFFF, 0xFFFF, 0xFFFF, 0xFFFF, 0xFFFF, 0xFFFF, 0xFFFF,
    0xFFFF, 0xFFFF, 0xFFFF, 0x4A4E, 0x4A4E, 0x4A4E, 0x4A4E, 0x4A4E, 0x4A4E, 0x4A4E, 0x18C5, 0x0000,
    0x0000, 0x18C5, 0x4A4E, 0x4A4E, 0x4A4E, 0x4A4E, 0x4A4E, 0x4A4E, 0xFFFF, 0xFFFF, 0xFFFF, 0xFFFF,
    0xFFFF, 0xFFFF, 0xFFFF, 0xFFFF, 0xFFFF, 0xFFFF, 0xFFFF, 0xFFFF, 0xFFFF, 0xFFFF, 0xFFFF, 0x4A4E,
    0x4A4E, 0x4A4E, 0x4A4E, 0x4A4E, 0x4A4E, 0x4A4E, 0x18C5, 0x0000, 0x0000, 0x18C5, 0x4A4D, 0x4A4D,
    0x4A4D, 0x4A4D, 0x4A4D, 0x4A4D, 0xFFFF, 0xFFFF, 0xFFFF, 0xFFFF, 0xFFFF, 0xFFFF, 0xFFFF, 0xFFFF,
    0xFFFF, 0xFFFF, 0xFFFF, 0xFFFF, 0xFFFF, 0xFFFF, 0xFFFF, 0x4A4D, 0x4A4D, 0x4A4D, 0x4A4D, 0x4A4D,
    0x4A4D, 0x4A4D, 0x18C5, 0x0000, 0x0000, 0x18C5, 0x4A4D, 0x4A4D, 0x4A4D, 0x4A4D, 0x4A4D, 0x4A4D,
    0xFFFF, 0xFFFF, 0xFFFF, 0xFFFF, 0xFFFF, 0xFFFF, 0xFFFF, 0xFFFF, 0xFFFF, 0xFFFF, 0xFFFF, 0xFFFF,
    0xFFFF, 0xFFFF, 0xFFFF, 0x4A4D, 0x4A4D, 0x4A4D, 0x4A4D, 0x4A4D, 0x4A4D, 0x4A4D, 0x18C5, 0x0000,
    0x0000, 0x18C5, 0x4A4D, 0x4A4D, 0x4A4D, 0x4A4D, 0x4A4D, 0x4A4D, 0xFFFF, 0xFFFF, 0xFFFF, 0xFFFF,
    0xFFFF, 0xFFFF, 0xFFFF, 0xFFFF, 0xFFFF, 0xFFFF, 0xFFFF, 0xFFFF, 0xFFFF, 0xFFFF, 0xFFFF, 0x4A4D,
    0x4A4D, 0x4A4D, 0x4A4D, 0x4A4D, 0x4A4D, 0x4A4D, 0x18C5, 0x0000, 0x0000, 0x18C5, 0x422D, 0x422D,
    0x422D, 0x422D, 0x422D, 0x422D, 0x422D, 0x422D, 0x422D, 0x422D, 0x422D, 0x422D, 0x422D, 0x422D,
    0x422D, 0x422D, 0x422D, 0x422D, 0x422D, 0x422D, 0x422D, 0x422D, 0x422D, 0x422D, 0x422D, 0x422D,
    0x422D, 0x422D, 0x18C5, 0x0000, 0x0000, 0x18C5, 0x422D, 0x422D, 0x422D, 0x422D, 0x422D, 0x422D,
    0x422D, 0x422D, 0x422D, 0x422D, 0x422D, 0x422D, 0x422D, 0x422D, 0x422D, 0x422D, 0x422D, 0x422D,
    0x422D, 0x422D, 0x422D, 0x422D, 0x422D, 0x422D, 0x422D, 0x422D, 0x422D, 0x422D, 0x18C5, 0x0000,
    0x0000, 0x18C5, 0x422D, 0x422D, 0x422D, 0x422D, 0x422D, 0x422D, 0x422D, 0x422D, 0x422D, 0x422D,
    0x422D, 0x422D, 0x422D, 0x422D, 0x422D, 0x422D, 0x422D, 0x422D, 0x422D, 0x422D, 0x422D, 0x422D,
    0x422D, 0x422D, 0x422D, 0x422D, 0x422D, 0x422D, 0x18C5, 0x0000, 0x0000, 0x18C5, 0x422D, 0x422D,
    0x422D, 0x422D, 0x422D, 0x422D, 0xFFFF, 0xFFFF, 0xFFFF, 0xFFFF, 0xFFFF, 0xFFFF, 0x422D, 0x422D,
    0x422D, 0xFFFF, 0xFFFF, 0xFFFF, 0xFFFF, 0xFFFF, 0xFFFF, 0x422D, 0x422D, 0x422D, 0x422D, 0x422D,
    0x422D, 0x422D, 0x18C5, 0x0000, 0x0000, 0x18C5, 0x422C, 0x422C, 0x422C, 0x422C, 0x422C, 0x422C,
    0xFFFF, 0xFFFF, 0xFFFF, 0xFFFF, 0xFFFF, 0xFFFF, 0x422C, 0x422C, 0x422C, 0xFFFF, 0xFFFF, 0xFFFF,
    0xFFFF, 0xFFFF, 0xFFFF, 0x422C, 0x422C, 0x422C, 0x422C, 0x422C, 0x422C, 0x422C, 0x18C5, 0x0000,
    0x0000, 0x18C5, 0x422C, 0x422C, 0x422C, 0x422C, 0x422C, 0x422C, 0xFFFF, 0xFFFF, 0xFFFF, 0xFFFF,
    0xFFFF, 0xFFFF, 0x422C, 0x422C, 0x422C, 0xFFFF, 0xFFFF, 0xFFFF, 0xFFFF, 0xFFFF, 0xFFFF, 0x422C,
    0x422C, 0x422C, 0x422C, 0x422C, 0x422C, 0x422C, 0x18C5, 0x0000, 0x0000, 0x18C5, 0x420C, 0x420C,
    0x420C, 0x420C, 0x420C, 0x420C, 0xFFFF, 0xFFFF, 0xFFFF, 0xFFFF, 0xFFFF, 0xFFFF, 0x420C, 0x420C,
    0x420C, 0xFFFF, 0xFFFF, 0xFFFF, 0xFFFF, 0xFFFF, 0xFFFF, 0x420C, 0x420C, 0x420C, 0x420C, 0x420C,
    0x420C, 0x420C, 0x18C5, 0x0000, 0x0000, 0x18C5, 0x420C, 0x420C, 0x420C, 0x420C, 0x420C, 0x420C,
    0xFFFF, 0xFFFF, 0xFFFF, 0xFFFF, 0xFFFF, 0xFFFF, 0x420C, 0x420C, 0x420C, 0xFFFF, 0xFFFF, 0xFFFF,
    0xFFFF, 0xFFFF, 0xFFFF, 0x420C, 0x420C, 0x420C, 0x420C, 0x420C, 0x420C, 0x420C, 0x18C5, 0x0000,
    0x0000, 0x18C5, 0x420C, 0x420C, 0x420C, 0x420C, 0x420C, 0x420C, 0xFFFF, 0xFFFF, 0xFFFF, 0xFFFF,
    0xFFFF, 0xFFFF, 0x420C, 0x420C, 0x420C, 0xFFFF, 0xFFFF, 0xFFFF, 0xFFFF, 0xFFFF, 0xFFFF, 0x420C,
    0x420C, 0x420C, 0x420C, 0x420C, 0x420C, 0x420C, 0x18C5, 0x0000, 0x0000, 0x18C5, 0x420C, 0x420C,
    0x420C, 0x420C, 0x420C, 0x420C, 0x420C, 0x420C, 0x420C, 0x420C, 0x420C, 0x420C, 0x420C, 0x420C,
    0x420C, 0x420C, 0x420C, 0x420C, 0x420C, 0x420C, 0x420C, 0x420C, 0x420C, 0x420C, 0x420C, 0x420C,
    0x420C, 0x420C, 0x18C5, 0x0000, 0x0000, 0x18C5, 0x420C, 0x420C, 0x420C, 0x420C, 0x420C, 0x420C,
    0x420C, 0x420C, 0x420C, 0x420C, 0x420C, 0x420C, 0x420C, 0x420C, 0x420C, 0x420C, 0x420C, 0x420C,
    0x420C, 0x420C, 0x420C, 0x420C, 0x420C, 0x420C, 0x420C, 0x420C, 0x420C, 0x420C, 0x18C5, 0x0000,
    0x0000, 0x18C5, 0x39EB, 0x39EB, 0x39EB, 0x39EB, 0x39EB, 0x39EB, 0x39EB, 0x39EB, 0x39EB, 0x39EB,
    0x39EB, 0x39EB, 0x39EB, 0x39EB, 0x39EB, 0x39EB, 0x39EB, 0x39EB, 0x39EB, 0x39EB, 0x39EB, 0x39EB,
    0x39EB, 0x39EB, 0x39EB, 0x39EB, 0x39EB, 0x39EB, 0x18C5, 0x0000, 0x0000, 0x18C5, 0x39EB, 0x39EB,
    0x39EB, 0x39EB, 0x39EB, 0x39EB, 0xFFFF, 0xFFFF, 0xFFFF, 0xFFFF, 0xFFFF, 0xFFFF, 0xFFFF, 0xFFFF,
    0xFFFF, 0xFFFF, 0xFFFF, 0xFFFF, 0xFFFF, 0xFFFF, 0xFFFF, 0x39EB, 0x39EB, 0x39EB, 0x39EB, 0x39EB,
    0x39EB, 0x39EB, 0x18C5, 0x0000, 0x0000, 0x18C5, 0x39EB, 0x39EB, 0x39EB, 0x39EB, 0x39EB, 0x39EB,
    0xFFFF, 0xFFFF, 0xFFFF, 0xFFFF, 0xFFFF, 0xFFFF, 0xFFFF, 0xFFFF, 0xFFFF, 0xFFFF, 0xFFFF, 0xFFFF,
    0xFFFF, 0xFFFF, 0xFFFF, 0x39EB, 0x39EB, 0x39EB, 0x39EB, 0x39EB, 0x39EB, 0x39EB, 0x18C5, 0x0000,
    0x0000, 0x18C5, 0x39EB, 0x39EB, 0x39EB, 0x39EB, 0x39EB, 0x39EB, 0xFFFF, 0xFFFF, 0xFFFF, 0xFFFF,
    0xFFFF, 0xFFFF, 0xFFFF, 0xFFFF, 0xFFFF, 0xFFFF, 0xFFFF, 0xFFFF, 0xFFFF, 0xFFFF, 0xFFFF, 0x39EB,
    0x39EB, 0x39EB, 0x39EB, 0x39EB, 0x39EB, 0x39EB, 0x18C5, 0x0000, 0x0000, 0x18C5, 0x39EB, 0x39EB,
    0x39EB, 0x39EB, 0x39EB, 0x39EB, 0x39EB, 0x39EB, 0x39EB, 0x39EB, 0x39EB, 0x39EB, 0x39EB, 0x39EB,
    0x39EB, 0x39EB, 0x39EB, 0x39EB, 0x39EB, 0x39EB, 0x39EB, 0x39EB, 0x39EB, 0x39EB, 0x39EB, 0x39EB,
    0x39EB, 0x39EB, 0x18C5, 0x0000, 0x0000, 0x18C5, 0x39CB, 0x39CB, 0x39CB, 0x39CB, 0x39CB, 0x39CB,
    0x39CB, 0x39CB, 0x39CB, 0x39CB, 0x39CB, 0x39CB, 0x39CB, 0x39CB, 0x39CB, 0x39CB, 0x39CB, 0x39CB,
    0x39CB, 0x39CB, 0x39CB, 0x39CB, 0x39CB, 0x39CB, 0x39CB, 0x39CB, 0x39CB, 0x39CB, 0x18C5, 0x0000,
    0x0000, 0x18C5, 0x39CB, 0x39CB, 0x39CB, 0x39CB, 0x39CB, 0x39CB, 0x39CB, 0x39CB, 0x39CB, 0x39CB,
    0x39CB, 0x39CB, 0x39CB, 0x39CB, 0x39CB, 0x39CB, 0x39CB, 0x39CB, 0x39CB, 0x39CB, 0x39CB, 0x39CB,
    0x39CB, 0x39CB, 0x39CB, 0x39CB, 0x39CB, 0x39CB, 0x18C5, 0x0000, 0x0000, 0x0000, 0x39CB, 0x39CB,
    0x39CB, 0x39CB, 0x39CB, 0x39CB, 0x39CB, 0x39CB, 0x39CB, 0x39CB, 0x39CB, 0x39CB, 0x39CB, 0x39CB,
    0x39CB, 0x39CB, 0x39CB, 0x39CB, 0x39CB, 0x39CB, 0x39CB, 0x39CB, 0x39CB, 0x39CB, 0x39CB, 0x39CB,
    0x39CB, 0x39CB, 0x0000, 0x0000, 0x0000, 0x0000, 0x0000, 0x18C5, 0x18C5, 0x18C5, 0x18C5, 0x18C5,
    0x18C5, 0x18C5, 0x18C5, 0x18C5, 0x18C5, 0x18C5, 0x18C5, 0x18C5, 0x18C5, 0x18C5, 0x18C5, 0x18C5,
    0x18C5, 0x18C5, 0x18C5, 0x18C5, 0x18C5, 0x18C5, 0x18C5, 0x18C5, 0x18C5, 0x0000, 0x0000, 0x0000,
    0x0000, 0x0000, 0x0000, 0x0000, 0x0000, 0x0000, 0x0000, 0x0000, 0x0000, 0x0000, 0x0000, 0x0000,
    0x0000, 0x0000, 0x0000, 0x0000, 0x0000, 0x0000, 0x0000, 0x0000, 0x0000, 0x0000, 0x0000, 0x0000,
    0x0000, 0x0000, 0x0000, 0x0000, 0x0000, 0x0000, 0x0000, 0x0000, 0x0000, 0x0000, 0x0000, 0x0000,
    0x0000, 0x0000, 0x0000, 0x0000, 0x0000, 0x0000, 0x0000, 0x0000, 0x0000, 0x0000, 0x0000, 0x0000,
    0x0000, 0x0000, 0x0000, 0x0000, 0x0000, 0x0000, 0x0000, 0x0000, 0x0000, 0x0000, 0x0000, 0x0000,
    0x0000, 0x0000, 0x0000, 0x0000, 0x0000, 0x0000, 0x0000, 0x28A2, 0x28A2, 0x28A2, 0x28A2, 0x28A2,
    0x28A2, 0x28A2, 0x28A2, 0x28A2, 0x28A2, 0x28A2, 0x28A2, 0x28A2, 0x28A2, 0x28A2, 0x28A2, 0x28A2,
    0x28A2, 0x28A2, 0x28A2, 0x28A2, 0x28A2, 0x28A2, 0x28A2, 0x28A2, 0x28A2, 0x0000, 0x0000, 0x0000,
    0x0000, 0x0000, 0x71C7, 0x71C7, 0x71C7, 0x71C7, 0x71C7, 0x71C7, 0x71C7, 0x71C7, 0x71C7, 0x71C7,
    0x71C7, 0x71C7, 0x71C7, 0x71C7, 0x71C7, 0x71C7, 0x71C7, 0x71C7, 0x71C7, 0x71C7, 0x71C7, 0x71C7,
    0x71C7, 0x71C7, 0x71C7, 0x71C7, 0x71C7, 0x71C7, 0x0000, 0x0000, 0x0000, 0x28A2, 0x71C7, 0x71C7,
    0x71C7, 0x71C7, 0x71C7, 0x71C7, 0x71C7, 0x71C7, 0x71C7, 0x71C7, 0x71C7, 0x71C7, 0x71C7, 0x71C7,
    0x71C7, 0x71C7, 0x71C7, 0x71C7, 0x71C7, 0x71C7, 0x71C7, 0x71C7, 0x71C7, 0x71C7, 0x71C7, 0x71C7,
    0x71C7, 0x71C7, 0x28A2, 0x0000, 0x0000, 0x28A2, 0x71C7, 0x71C7, 0x71C7, 0x71C7, 0x71C7, 0x71C7,
    0x71C7, 0x71C7, 0x71C7, 0x71C7, 0x71C7, 0x71C7, 0x71C7, 0x71C7, 0x71C7, 0x71C7, 0x71C7, 0x71C7,
    0x71C7, 0x71C7, 0x71C7, 0x71C7, 0x71C7, 0x71C7, 0x71C7, 0x71C7, 0x71C7, 0x71C7, 0x28A2, 0x0000,
    0x0000, 0x28A2, 0x71C7, 0x71C7, 0x71C7, 0x71C7, 0x71C7, 0x71C7, 0x71C7, 0x71C7, 0x71C7, 0x71C7,
    0x71C7, 0x71C7, 0x71C7, 0x71C7, 0x71C7, 0x71C7, 0x71C7, 0x71C7, 0x71C7, 0x71C7, 0x71C7, 0x71C7,
    0x71C7, 0x71C7, 0x71C7, 0x71C7, 0x71C7, 0x71C7, 0x28A2, 0x0000, 0x0000, 0x28A2, 0x71C7, 0x71C7,
    0x71C7, 0x71C7, 0x71C7, 0x71C7, 0x71C7, 0x71C7, 0x71C7, 0x71C7, 0x71C7, 0x71C7, 0x71C7, 0x71C7,
    0x71C7, 0x71C7, 0x71C7, 0x71C7, 0x71C7, 0x71C7, 0x71C7, 0x71C7, 0x71C7, 0x71C7, 0x71C7, 0x71C7,
    0x71C7, 0x71C7, 0x28A2, 0x0000, 0x0000, 0x28A2, 0x71C7, 0x71C7, 0x71C7, 0x71C7, 0x71C7, 0x71C7,
    0x71C7, 0x71C7, 0x71C7, 0xFFFF, 0xFFFF, 0xFFFF, 0xFFFF, 0xFFFF, 0xFFFF, 0xFFFF, 0xFFFF, 0xFFFF,
    0x71C7, 0x71C7, 0x71C7, 0x71C7, 0x71C7, 0x71C7, 0x71C7, 0x71C7, 0x71C7, 0x71C7, 0x28A2, 0x0000,
    0x0000, 0x28A2, 0x69A6, 0x69A6, 0x69A6, 0x69A6, 0x69A6, 0x69A6, 0x69A6, 0x69A6, 0x69A6, 0xFFFF,
    0xFFFF, 0xFFFF, 0xFFFF, 0xFFFF, 0xFFFF, 0xFFFF, 0xFFFF, 0xFFFF, 0x69A6, 0x69A6, 0x69A6, 0x69A6,
    0x69A6, 0x69A6, 0x69A6, 0x69A6, 0x69A6, 0x69A6, 0x28A2, 0x0000, 0x0000, 0x28A2, 0x69A6, 0x69A6,
    0x69A6, 0x69A6, 0x69A6, 0x69A6, 0x69A6, 0x69A6, 0x69A6, 0xFFFF, 0xFFFF, 0xFFFF, 0xFFFF, 0xFFFF,
    0xFFFF, 0xFFFF, 0xFFFF, 0xFFFF, 0x69A6, 0x69A6, 0x69A6, 0x69A6, 0x69A6, 0x69A6, 0x69A6, 0x69A6,
    0x69A6, 0x69A6, 0x28A2, 0x0000, 0x0000, 0x28A2, 0x69A6, 0x69A6, 0x69A6, 0x69A6, 0x69A6, 0x69A6,
    0xFFFF, 0xFFFF, 0xFFFF, 0xFFFF, 0xFFFF, 0xFFFF, 0xFFFF, 0xFFFF, 0xFFFF, 0xFFFF, 0xFFFF, 0xFFFF,
    0xFFFF, 0xFFFF, 0xFFFF, 0x69A6, 0x69A6, 0x69A6, 0x69A6, 0x69A6, 0x69A6, 0x69A6, 0x28A2, 0x0000,
    0x0000, 0x28A2, 0x69A6, 0x69A6, 0x69A6, 0x69A6, 0x69A6, 0x69A6, 0xFFFF, 0xFFFF, 0xFFFF, 0xFFFF,
    0xFFFF, 0xFFFF, 0xFFFF, 0xFFFF, 0xFFFF, 0xFFFF, 0xFFFF, 0xFFFF, 0xFFFF, 0xFFFF, 0xFFFF, 0x69A6,
    0x69A6, 0x69A6, 0x69A6, 0x69A6, 0x69A6, 0x69A6, 0x28A2, 0x0000, 0x0000, 0x28A2, 0x69A6, 0x69A6,
    0x69A6, 0x69A6, 0x69A6, 0x69A6, 0xFFFF, 0xFFFF, 0xFFFF, 0xFFFF, 0xFFFF, 0xFFFF, 0xFFFF, 0xFFFF,
    0xFFFF, 0xFFFF, 0xFFFF, 0xFFFF, 0xFFFF, 0xFFFF, 0xFFFF, 0x69A6, 0x69A6, 0x69A6, 0x69A6, 0x69A6,
    0x69A6, 0x69A6, 0x28A2, 0x0000, 0x0000, 0x28A2, 0x69A6, 0x69A6, 0x69A6, 0x69A6, 0x69A6, 0x69A6,
    0xFFFF, 0xFFFF, 0xFFFF, 0xFFFF, 0xFFFF, 0xFFFF, 0xFFFF, 0xFFFF, 0xFFFF, 0xFFFF, 0xFFFF, 0xFFFF,
    0xFFFF, 0xFFFF, 0xFFFF, 0x69A6, 0x69A6, 0x69A6, 0x69A6, 0x69A6, 0x69A6, 0x69A6, 0x28A2, 0x0000,
    0x0000, 0x28A2, 0x69A6, 0x69A6, 0x69A6, 0x69A6, 0x69A6, 0x69A6, 0xFFFF, 0xFFFF, 0xFFFF, 0xFFFF,
    0xFFFF, 0xFFFF, 0xFFFF, 0xFFFF, 0xFFFF, 0xFFFF, 0xFFFF, 0xFFFF, 0xFFFF, 0xFFFF, 0xFFFF, 0x69A6,
    0x69A6, 0x69A6, 0x69A6, 0x69A6, 0x69A6, 0x69A6, 0x28A2, 0x0000, 0x0000, 0x28A2, 0x6186, 0x6186,
    0x6186, 0x6186, 0x6186, 0x6186, 0xFFFF, 0xFFFF, 0xFFFF, 0xFFFF, 0xFFFF, 0xFFFF, 0xFFFF, 0xFFFF,
    0xFFFF, 0xFFFF, 0xFFFF, 0xFFFF, 0xFFFF, 0xFFFF, 0xFFFF, 0x6186, 0x6186, 0x6186, 0x6186, 0x6186,
    0x6186, 0x6186, 0x28A2, 0x0000, 0x0000, 0x28A2, 0x6186, 0x6186, 0x6186, 0x6186, 0x6186, 0x6186,
    0xFFFF, 0xFFFF, 0xFFFF, 0xFFFF, 0xFFFF, 0xFFFF, 0xFFFF, 0xFFFF, 0xFFFF, 0xFFFF, 0xFFFF, 0xFFFF,
    0xFFFF, 0xFFFF, 0xFFFF, 0x6186, 0x6186, 0x6186, 0x6186, 0x6186, 0x6186, 0x6186, 0x28A2, 0x0000,
    0x0000, 0x28A2, 0x6186, 0x6186, 0x6186, 0x6186, 0x6186, 0x6186, 0xFFFF, 0xFFFF, 0xFFFF, 0xFFFF,
    0xFFFF, 0xFFFF, 0xFFFF, 0xFFFF, 0xFFFF, 0xFFFF, 0xFFFF, 0xFFFF, 0xFFFF, 0xFFFF, 0xFFFF, 0x6186,
    0x6186, 0x6186, 0x6186, 0x6186, 0x6186, 0x6186, 0x28A2, 0x0000, 0x0000, 0x28A2, 0x6186, 0x6186,
    0x6186, 0x6186, 0x6186, 0x6186, 0xFFFF, 0xFFFF, 0xFFFF, 0xFFFF, 0xFFFF, 0xFFFF, 0xFFFF, 0xFFFF,
    0xFFFF, 0xFFFF, 0xFFFF, 0xFFFF, 0xFFFF, 0xFFFF, 0xFFFF, 0x6186, 0x6186, 0x6186, 0x6186, 0x6186,
    0x6186, 0x6186, 0x28A2, 0x0000, 0x0000, 0x28A2, 0x6186, 0x6186, 0x6186, 0x6186, 0x6186, 0x6186,
    0xFFFF, 0xFFFF, 0xFFFF, 0xFFFF, 0xFFFF, 0xFFFF, 0xFFFF, 0xFFFF, 0xFFFF, 0xFFFF, 0xFFFF, 0xFFFF,
    0xFFFF, 0xFFFF, 0xFFFF, 0x6186, 0x6186, 0x6186, 0x6186, 0x6186, 0x6186, 0x6186, 0x28A2, 0x0000,
    0x0000, 0x28A2, 0x6186, 0x6186, 0x6186, 0x6186, 0x6186, 0x6186, 0xFFFF, 0xFFFF, 0xFFFF, 0xFFFF,
    0xFFFF, 0xFFFF, 0xFFFF, 0xFFFF, 0xFFFF, 0xFFFF, 0xFFFF, 0xFFFF, 0xFFFF, 0xFFFF, 0xFFFF, 0x6186,
    0x6186, 0x6186, 0x6186, 0x6186, 0x6186, 0x6186, 0x28A2, 0x0000, 0x0000, 0x28A2, 0x6186, 0x6186,
    0x6186, 0x6186, 0x6186, 0x6186, 0xFFFF, 0xFFFF, 0xFFFF, 0xFFFF, 0xFFFF, 0xFFFF, 0xFFFF, 0xFFFF,
    0xFFFF, 0xFFFF, 0xFFFF, 0xFFFF, 0xFFFF, 0xFFFF, 0xFFFF, 0x6186, 0x6186, 0x6186, 0x6186, 0x6186,
    0x6186, 0x6186, 0x28A2, 0x0000, 0x0000, 0x28A2, 0x5965, 0x5965, 0x5965, 0x5965, 0x5965, 0x5965,
    0x5965, 0x5965, 0x5965, 0xFFFF, 0xFFFF, 0xFFFF, 0xFFFF, 0xFFFF, 0xFFFF, 0xFFFF, 0xFFFF, 0xFFFF,
    0x5965, 0x5965, 0x5965, 0x5965, 0x5965, 0x5965, 0x5965, 0x5965, 0x5965, 0x5965, 0x28A2, 0x0000,
    0x0000, 0x28A2, 0x5965, 0x5965, 0x5965, 0x5965, 0x5965, 0x5965, 0x5965, 0x5965, 0x5965, 0xFFFF,
    0xFFFF, 0xFFFF, 0xFFFF, 0xFFFF, 0xFFFF, 0xFFFF, 0xFFFF, 0xFFFF, 0x5965, 0x5965, 0x5965, 0x5965,
    0x5965, 0x5965, 0x5965, 0x5965, 0x5965, 0x5965, 0x28A2, 0x0000, 0x0000, 0x28A2, 0x5965, 0x5965,
    0x5965, 0x5965, 0x5965, 0x5965, 0x5965, 0x5965, 0x5965, 0xFFFF, 0xFFFF, 0xFFFF, 0xFFFF, 0xFFFF,
    0xFFFF, 0xFFFF, 0xFFFF, 0xFFFF, 0x5965, 0x5965, 0x5965, 0x5965, 0x5965, 0x5965, 0x5965, 0x5965,
    0x5965, 0x5965, 0x28A2, 0x0000, 0x0000, 0x28A2, 0x5965, 0x5965, 0x5965, 0x5965, 0x5965, 0x5965,
    0x5965, 0x5965, 0x5965, 0x5965, 0x5965, 0x5965, 0x5965, 0x5965, 0x5965, 0x5965, 0x5965, 0x5965,
    0x5965, 0x5965, 0x5965, 0x5965, 0x5965, 0x5965, 0x5965, 0x5965, 0x5965, 0x5965, 0x28A2, 0x0000,
    0x0000, 0x28A2, 0x5965, 0x5965, 0x5965, 0x5965, 0x5965, 0x5965, 0x5965, 0x5965, 0x5965, 0x5965,
    0x5965, 0x5965, 0x5965, 0x5965, 0x5965, 0x5965, 0x5965, 0x5965, 0x5965, 0x5965, 0x5965, 0x5965,
    0x5965, 0x5965, 0x5965, 0x5965, 0x5965, 0x5965, 0x28A2, 0x0000, 0x0000, 0x28A2, 0x5965, 0x5965,
    0x5965, 0x5965, 0x5965, 0x5965, 0x5965, 0x5965, 0x5965, 0x5965, 0x5965, 0x5965, 0x5965, 0x5965,
    0x5965, 0x5965, 0x5965, 0x5965, 0x5965, 0x5965, 0x5965, 0x5965, 0x5965, 0x5965, 0x5965, 0x5965,
    0x5965, 0x5965, 0x28A2, 0x0000, 0x0000, 0x28A2, 0x5965, 0x5965, 0x5965, 0x5965, 0x5965, 0x5965,
    0x5965, 0x5965, 0x5965, 0x5965, 0x5965, 0x5965, 0x5965, 0x5965, 0x5965, 0x5965, 0x5965, 0x5965,
    0x5965, 0x5965, 0x5965, 0x5965, 0x5965, 0x5965, 0x5965, 0x5965, 0x5965, 0x5965, 0x28A2, 0x0000,
    0x0000, 0x0000, 0x5965, 0x5965, 0x5965, 0x5965, 0x5965, 0x5965, 0x5965, 0x5965, 0x5965, 0x5965,
    0x5965, 0x5965, 0x5965, 0x5965, 0x5965, 0x5965, 0x5965, 0x5965, 0x5965, 0x5965, 0x5965, 0x5965,
    0x5965, 0x5965, 0x5965, 0x5965, 0x5965, 0x5965, 0x0000, 0x0000, 0x0000, 0x0000, 0x0000, 0x28A2,
    0x28A2, 0x28A2, 0x28A2, 0x28A2, 0x28A2, 0x28A2, 0x28A2, 0x28A2, 0x28A2, 0x28A2, 0x28A2, 0x28A2,
    0x28A2, 0x28A2, 0x28A2, 0x28A2, 0x28A2, 0x28A2, 0x28A2, 0x28A2, 0x28A2, 0x28A2, 0x28A2, 0x28A2,
    0x28A2, 0x0000, 0x0000, 0x0000, 0x0000, 0x0000, 0x0000, 0x0000, 0x0000, 0x0000, 0x0000, 0x0000,
    0x0000, 0x0000, 0x0000, 0x0000, 0x0000, 0x0000, 0x0000, 0x0000, 0x0000, 0x0000, 0x0000, 0x0000,
    0x0000, 0x0000, 0x0000, 0x0000, 0x0000, 0x0000, 0x0000, 0x0000, 0x0000, 0x0000, 0x0000, 0x0000,
    0x0000, 0x0000, 0x0000, 0x0000, 0x0000, 0x0000, 0x0000, 0x0000, 0x0000, 0x0000, 0x0000, 0x0000,
    0x0000, 0x0000, 0x0000, 0x0000, 0x0000, 0x0000, 0x0000, 0x0000, 0x0000, 0x0000, 0x0000, 0x0000,
    0x0000, 0x0000, 0x0000, 0x0000, 0x0000, 0x0000, 0x0000, 0x0000, 0x0000, 0x0000, 0x0000, 0x4861,
    0x4861, 0x4861, 0x4861, 0x4861, 0x4861, 0x4861, 0x4861, 0x4861, 0x4861, 0x4861, 0x4861, 0x4861,
    0x4861, 0x4861, 0x4861, 0x4861, 0x4861, 0x4861, 0x4861, 0x4861, 0x4861, 0x4861, 0x4861, 0x4861,
    0x4861, 0x0000, 0x0000, 0x0000, 0x0000, 0x0000, 0xD124, 0xD124, 0xD124, 0xD124, 0xD124, 0xD124,
    0xD124, 0xD124, 0xD124, 0xD124, 0xD124, 0xD124, 0xD124, 0xD124, 0xD124, 0xD124, 0xD124, 0xD124,
    0xD124, 0xD124, 0xD124, 0xD124, 0xD124, 0xD124, 0xD124, 0xD124, 0xD124, 0xD124, 0x0000, 0x0000,
    0x0000, 0x4861, 0xD124, 0xD124, 0xD124, 0xD124, 0xD124, 0xD124, 0xD124, 0xD124, 0xD124, 0xD124,
    0xD124, 0xD124, 0xD124, 0xD124, 0xD124, 0xD124, 0xD124, 0xD124, 0xD124, 0xD124, 0xD124, 0xD124,
    0xD124, 0xD124, 0xD124, 0xD124, 0xD124, 0xD124, 0x4861, 0x0000, 0x0000, 0x4861, 0xD124, 0xD124,
    0xD124, 0xD124, 0xD124, 0xD124, 0xD124, 0xD124, 0xD124, 0xD124, 0xD124, 0xD124, 0xD124, 0xD124,
    0xD124, 0xD124, 0xD124, 0xD124, 0xD124, 0xD124, 0xD124, 0xD124, 0xD124, 0xD124, 0xD124, 0xD124,
    0xD124, 0xD124, 0x4861, 0x0000, 0x0000, 0x4861, 0xD124, 0xD124, 0xD124, 0xD124, 0xD124, 0xD124,
    0xD124, 0xD124, 0xD124, 0xD124, 0xD124, 0xD124, 0xD124, 0xD124, 0xD124, 0xD124, 0xD124, 0xD124,
    0xD124, 0xD124, 0xD124, 0xD124, 0xD124, 0xD124, 0xD124, 0xD124, 0xD124, 0xD124, 0x4861, 0x0000,
    0x0000, 0x4861, 0xC924, 0xC924, 0xC924, 0xC924, 0xC924, 0xC924, 0xC924, 0xC924, 0xC924, 0xC924,
    0xC924, 0xC924, 0xC924, 0xC924, 0xC924, 0xC924, 0xC924, 0xC924, 0xC924, 0xC924, 0xC924, 0xC924,
    0xC924, 0xC924, 0xC924, 0xC924, 0xC924, 0xC924, 0x4861, 0x0000, 0x0000, 0x4861, 0xC924, 0xC924,
    0xC924, 0xC924, 0xC924, 0xC924, 0xC924, 0xC924, 0xC924, 0xFFFF, 0xFFFF, 0xFFFF, 0xFFFF, 0xFFFF,
    0xFFFF, 0xFFFF, 0xFFFF, 0xFFFF, 0xC924, 0xC924, 0xC924, 0xC924, 0xC924, 0xC924, 0xC924, 0xC924,
    0xC924, 0xC924, 0x4861, 0x0000, 0x0000, 0x4861, 0xC924, 0xC924, 0xC924, 0xC924, 0xC924, 0xC924,
    0xC924, 0xC924, 0xC924, 0xFFFF, 0xFFFF, 0xFFFF, 0xFFFF, 0xFFFF, 0xFFFF, 0xFFFF, 0xFFFF, 0xFFFF,
    0xC924, 0xC924, 0xC924, 0xC924, 0xC924, 0xC924, 0xC924, 0xC924, 0xC924, 0xC924, 0x4861, 0x0000,
    0x0000, 0x4861, 0xC924, 0xC924, 0xC924, 0xC924, 0xC924, 0xC924, 0xC924, 0xC924, 0xC924, 0xFFFF,
    0xFFFF, 0xFFFF, 0xFFFF, 0xFFFF, 0xFFFF, 0xFFFF, 0xFFFF, 0xFFFF, 0xC924, 0xC924, 0xC924, 0xC924,
    0xC924, 0xC924, 0xC924, 0xC924, 0xC924, 0xC924, 0x4861, 0x0000, 0x0000, 0x4861, 0xC124, 0xC124,
    0xC124, 0xC124, 0xC124, 0xC124, 0xFFFF, 0xFFFF, 0xFFFF, 0xFFFF, 0xFFFF, 0xFFFF, 0xFFFF, 0xFFFF,
    0xFFFF, 0xFFFF, 0xFFFF, 0xFFFF, 0xFFFF, 0xFFFF, 0xFFFF, 0xC124, 0xC124, 0xC124, 0xC124, 0xC124,
    0xC124, 0xC124, 0x4861, 0x0000, 0x0000, 0x4861, 0xC104, 0xC104, 0xC104, 0xC104, 0xC104, 0xC104,
    0xFFFF, 0xFFFF, 0xFFFF, 0xFFFF, 0xFFFF, 0xFFFF, 0xFFFF, 0xFFFF, 0xFFFF, 0xFFFF, 0xFFFF, 0xFFFF,
    0xFFFF, 0xFFFF, 0xFFFF, 0xC104, 0xC104, 0xC104, 0xC104, 0xC104, 0xC104, 0xC104, 0x4861, 0x0000,
    0x0000, 0x4861, 0xC104, 0xC104, 0xC104, 0xC104, 0xC104, 0xC104, 0xFFFF, 0xFFFF, 0xFFFF, 0xFFFF,
    0xFFFF, 0xFFFF, 0xFFFF, 0xFFFF, 0xFFFF, 0xFFFF, 0xFFFF, 0xFFFF, 0xFFFF, 0xFFFF, 0xFFFF, 0xC104,
    0xC104, 0xC104, 0xC104, 0xC104, 0xC104, 0xC104, 0x4861, 0x0000, 0x0000, 0x4861, 0xC104, 0xC104,
    0xC104, 0xC104, 0xC104, 0xC104, 0xFFFF, 0xFFFF, 0xFFFF, 0xFFFF, 0xFFFF, 0xFFFF, 0xFFFF, 0xFFFF,
    0xFFFF, 0xFFFF, 0xFFFF, 0xFFFF, 0xFFFF, 0xFFFF, 0xFFFF, 0xC104, 0xC104, 0xC104, 0xC104, 0xC104,
    0xC104, 0xC104, 0x4861, 0x0000, 0x0000, 0x4861, 0xB904, 0xB904, 0xB904, 0xB904, 0xB904, 0xB904,
    0xFFFF, 0xFFFF, 0xFFFF, 0xFFFF, 0xFFFF, 0xFFFF, 0xFFFF, 0xFFFF, 0xFFFF, 0xFFFF, 0xFFFF, 0xFFFF,
    0xFFFF, 0xFFFF, 0xFFFF, 0xB904, 0xB904, 0xB904, 0xB904, 0xB904, 0xB904, 0xB904, 0x4861, 0x0000,
    0x0000, 0x4861, 0xB904, 0xB904, 0xB904, 0xB904, 0xB904, 0xB904, 0xFFFF, 0xFFFF, 0xFFFF, 0xFFFF,
    0xFFFF, 0xFFFF, 0xFFFF, 0xFFFF, 0xFFFF, 0xFFFF, 0xFFFF, 0xFFFF, 0xFFFF, 0xFFFF, 0xFFFF, 0xB904,
    0xB904, 0xB904, 0xB904, 0xB904, 0xB904, 0xB904, 0x4861, 0x0000, 0x0000, 0x4861, 0xB904, 0xB904,
    0xB904, 0xB904, 0xB904, 0xB904, 0xFFFF, 0xFFFF, 0xFFFF, 0xFFFF, 0xFFFF, 0xFFFF, 0xFFFF, 0xFFFF,
    0xFFFF, 0xFFFF, 0xFFFF, 0xFFFF, 0xFFFF, 0xFFFF, 0xFFFF, 0xB904, 0xB904, 0xB904, 0xB904, 0xB904,
    0xB904, 0xB904, 0x4861, 0x0000, 0x0000, 0x4861, 0xB904, 0xB904, 0xB904, 0xB904, 0xB904, 0xB904,
    0xFFFF, 0xFFFF, 0xFFFF, 0xFFFF, 0xFFFF, 0xFFFF, 0xFFFF, 0xFFFF, 0xFFFF, 0xFFFF, 0xFFFF, 0xFFFF,
    0xFFFF, 0xFFFF, 0xFFFF, 0xB904, 0xB904, 0xB904, 0xB904, 0xB904, 0xB904, 0xB904, 0x4861, 0x0000,
    0x0000, 0x4861, 0xB104, 0xB104, 0xB104, 0xB104, 0xB104, 0xB104, 0xFFFF, 0xFFFF, 0xFFFF, 0xFFFF,
    0xFFFF, 0xFFFF, 0xFFFF, 0xFFFF, 0xFFFF, 0xFFFF, 0xFFFF, 0xFFFF, 0xFFFF, 0xFFFF, 0xFFFF, 0xB104,
    0xB104, 0xB104, 0xB104, 0xB104, 0xB104, 0xB104, 0x4861, 0x0000, 0x0000, 0x4861, 0xB104, 0xB104,
    0xB104, 0xB104, 0xB104, 0xB104, 0xFFFF, 0xFFFF, 0xFFFF, 0xFFFF, 0xFFFF, 0xFFFF, 0xFFFF, 0xFFFF,
    0xFFFF, 0xFFFF, 0xFFFF, 0xFFFF, 0xFFFF, 0xFFFF, 0xFFFF, 0xB104, 0xB104, 0xB104, 0xB104, 0xB104,
    0xB104, 0xB104, 0x4861, 0x0000, 0x0000, 0x4861, 0xB104, 0xB104, 0xB104, 0xB104, 0xB104, 0xB104,
    0xFFFF, 0xFFFF, 0xFFFF, 0xFFFF, 0xFFFF, 0xFFFF, 0xFFFF, 0xFFFF, 0xFFFF, 0xFFFF, 0xFFFF, 0xFFFF,
    0xFFFF, 0xFFFF, 0xFFFF, 0xB104, 0xB104, 0xB104, 0xB104, 0xB104, 0xB104, 0xB104, 0x4861, 0x0000,
    0x0000, 0x4861, 0xB104, 0xB104, 0xB104, 0xB104, 0xB104, 0xB104, 0xFFFF, 0xFFFF, 0xFFFF, 0xFFFF,
    0xFFFF, 0xFFFF, 0xFFFF, 0xFFFF, 0xFFFF, 0xFFFF, 0xFFFF, 0xFFFF, 0xFFFF, 0xFFFF, 0xFFFF, 0xB104,
    0xB104, 0xB104, 0xB104, 0xB104, 0xB104, 0xB104, 0x4861, 0x0000, 0x0000, 0x4861, 0xA8E3, 0xA8E3,
    0xA8E3, 0xA8E3, 0xA8E3, 0xA8E3, 0xA8E3, 0xA8E3, 0xA8E3, 0xFFFF, 0xFFFF, 0xFFFF, 0xFFFF, 0xFFFF,
    0xFFFF, 0xFFFF, 0xFFFF, 0xFFFF, 0xA8E3, 0xA8E3, 0xA8E3, 0xA8E3, 0xA8E3, 0xA8E3, 0xA8E3, 0xA8E3,
    0xA8E3, 0xA8E3, 0x4861, 0x0000, 0x0000, 0x4861, 0xA8E3, 0xA8E3, 0xA8E3, 0xA8E3, 0xA8E3, 0xA8E3,
    0xA8E3, 0xA8E3, 0xA8E3, 0xFFFF, 0xFFFF, 0xFFFF, 0xFFFF, 0xFFFF, 0xFFFF, 0xFFFF, 0xFFFF, 0xFFFF,
    0xA8E3, 0xA8E3, 0xA8E3, 0xA8E3, 0xA8E3, 0xA8E3, 0xA8E3, 0xA8E3, 0xA8E3, 0xA8E3, 0x4861, 0x0000,
    0x0000, 0x4861, 0xA8E3, 0xA8E3, 0xA8E3, 0xA8E3, 0xA8E3, 0xA8E3, 0xA8E3, 0xA8E3, 0xA8E3, 0xFFFF,
    0xFFFF, 0xFFFF, 0xFFFF, 0xFFFF, 0xFFFF, 0xFFFF, 0xFFFF, 0xFFFF, 0xA8E3, 0xA8E3, 0xA8E3, 0xA8E3,
    0xA8E3, 0xA8E3, 0xA8E3, 0xA8E3, 0xA8E3, 0xA8E3, 0x4861, 0x0000, 0x0000, 0x4861, 0xA8E3, 0xA8E3,
    0xA8E3, 0xA8E3, 0xA8E3, 0xA8E3, 0xA8E3, 0xA8E3, 0xA8E3, 0xA8E3, 0xA8E3, 0xA8E3, 0xA8E3, 0xA8E3,
    0xA8E3, 0xA8E3, 0xA8E3, 0xA8E3, 0xA8E3, 0xA8E3, 0xA8E3, 0xA8E3, 0xA8E3, 0xA8E3, 0xA8E3, 0xA8E3,
    0xA8E3, 0xA8E3, 0x4861, 0x0000, 0x0000, 0x4861, 0xA0E3, 0xA0E3, 0xA0E3, 0xA0E3, 0xA0E3, 0xA0E3,
    0xA0E3, 0xA0E3, 0xA0E3, 0xA0E3, 0xA0E3, 0xA0E3, 0xA0E3, 0xA0E3, 0xA0E3, 0xA0E3, 0xA0E3, 0xA0E3,
    0xA0E3, 0xA0E3, 0xA0E3, 0xA0E3, 0xA0E3, 0xA0E3, 0xA0E3, 0xA0E3, 0xA0E3, 0xA0E3, 0x4861, 0x0000,
    0x0000, 0x4861, 0xA0E3, 0xA0E3, 0xA0E3, 0xA0E3, 0xA0E3, 0xA0E3, 0xA0E3, 0xA0E3, 0xA0E3, 0xA0E3,
    0xA0E3, 0xA0E3, 0xA0E3, 0xA0E3, 0xA0E3, 0xA0E3, 0xA0E3, 0xA0E3, 0xA0E3, 0xA0E3, 0xA0E3, 0xA0E3,
    0xA0E3, 0xA0E3, 0xA0E3, 0xA0E3, 0xA0E3, 0xA0E3, 0x4861, 0x0000, 0x0000, 0x4861, 0xA0E3, 0xA0E3,
    0xA0E3, 0xA0E3, 0xA0E3, 0xA0E3, 0xA0E3, 0xA0E3, 0xA0E3, 0xA0E3, 0xA0E3, 0xA0E3, 0xA0E3, 0xA0E3,
    0xA0E3, 0xA0E3, 0xA0E3, 0xA0E3, 0xA0E3, 0xA0E3, 0xA0E3, 0xA0E3, 0xA0E3, 0xA0E3, 0xA0E3, 0xA0E3,
    0xA0E3, 0xA0E3, 0x4861, 0x0000, 0x0000, 0x0000, 0xA0E3, 0xA0E3, 0xA0E3, 0xA0E3, 0xA0E3, 0xA0E3,
    0xA0E3, 0xA0E3, 0xA0E3, 0xA0E3, 0xA0E3, 0xA0E3, 0xA0E3, 0xA0E3, 0xA0E3, 0xA0E3, 0xA0E3, 0xA0E3,
    0xA0E3, 0xA0E3, 0xA0E3, 0xA0E3, 0xA0E3, 0xA0E3, 0xA0E3, 0xA0E3, 0xA0E3, 0xA0E3, 0x0000, 0x0000,
    0x0000, 0x0000, 0x0000, 0x4861, 0x4861, 0x4861, 0x4861, 0x4861, 0x4861, 0x4861, 0x4861, 0x4861,
    0x4861, 0x4861, 0x4861, 0x4861, 0x4861, 0x4861, 0x4861, 0x4861, 0x4861, 0x4861, 0x4861, 0x4861,
    0x4861, 0x4861, 0x4861, 0x4861, 0x4861, 0x0000, 0x0000, 0x0000, 0x0000, 0x0000, 0x0000, 0x0000,
    0x0000, 0x0000, 0x0000, 0x0000, 0x0000, 0x0000, 0x0000, 0x0000, 0x0000, 0x0000, 0x0000, 0x0000,
    0x0000, 0x0000, 0x0000, 0x0000, 0x0000, 0x0000, 0x0000, 0x0000, 0x0000, 0x0000, 0x0000, 0x0000,
    0x0000, 0x0000, 0x0000, 0x0000, 0x0000, 0x0000, 0x0000, 0x0000, 0x0000, 0x0000, 0x0000, 0x0000,
    0x0000, 0x0000, 0x0000, 0x0000, 0x0000, 0x0000, 0x0000, 0x0000, 0x0000, 0x0000, 0x0000, 0x0000,
    0x0000, 0x0000, 0x0000, 0x0000, 0x0000, 0x0000, 0x0000, 0x0000, 0x0000, 0x0000, 0x0000, 0x0000,
    0x0000, 0x0000, 0x0000, 0x18E3, 0x18E3, 0x18E3, 0x18E3, 0x18E3, 0x18E3, 0x18E3, 0x18E3, 0x18E3,
    0x18E3, 0x18E3, 0x18E3, 0x18E3, 0x18E3, 0x18E3, 0x18E3, 0x18E3, 0x18E3, 0x18E3, 0x18E3, 0x18E3,
    0x18E3, 0x18E3, 0x18E3, 0x18E3, 0x18E3, 0x0000, 0x0000, 0x0000, 0x0000, 0x0000, 0x5ACB, 0x5ACB,
    0x5ACB, 0x5ACB, 0x5ACB, 0x5ACB, 0x5ACB, 0x5ACB, 0x5ACB, 0x5ACB, 0x5ACB, 0x5ACB, 0x5ACB, 0x5ACB,
    0x5ACB, 0x5ACB, 0x5ACB, 0x5ACB, 0x5ACB, 0x5ACB, 0x5ACB, 0x5ACB, 0x5ACB, 0x5ACB, 0x5ACB, 0x5ACB,
    0x5ACB, 0x5ACB, 0x0000, 0x0000, 0x0000, 0x18E3, 0x52AA, 0x52AA, 0x52AA, 0x52AA, 0x52AA, 0x52AA,
    0x52AA, 0x52AA, 0x52AA, 0x52AA, 0x52AA, 0x52AA, 0x52AA, 0x52AA, 0x52AA, 0x52AA, 0x52AA, 0x52AA,
    0x52AA, 0x52AA, 0x52AA, 0x52AA, 0x52AA, 0x52AA, 0x52AA, 0x52AA, 0x52AA, 0x52AA, 0x18E3, 0x0000,
    0x0000, 0x18E3, 0x52AA, 0x52AA, 0x52AA, 0x52AA, 0x52AA, 0x52AA, 0x52AA, 0x52AA, 0x52AA, 0x52AA,
    0x52AA, 0x52AA, 0x52AA, 0x52AA, 0x52AA, 0x52AA, 0x52AA, 0x52AA, 0x52AA, 0x52AA, 0x52AA, 0x52AA,
    0x52AA, 0x52AA, 0x52AA, 0x52AA, 0x52AA, 0x52AA, 0x18E3, 0x0000, 0x0000, 0x18E3, 0x52AA, 0x52AA,
    0x52AA, 0x52AA, 0x52AA, 0x52AA, 0x52AA, 0x52AA, 0x52AA, 0x52AA, 0x52AA, 0x52AA, 0x52AA, 0x52AA,
    0x52AA, 0x52AA, 0x52AA, 0x52AA, 0x52AA, 0x52AA, 0x52AA, 0x52AA, 0x52AA, 0x52AA, 0x52AA, 0x52AA,
    0x52AA, 0x52AA, 0x18E3, 0x0000, 0x0000, 0x18E3, 0x52AA, 0x52AA, 0x52AA, 0x52AA, 0x52AA, 0x52AA,
    0x52AA, 0x52AA, 0x52AA, 0x52AA, 0x52AA, 0x52AA, 0x52AA, 0x52AA, 0x52AA, 0x52AA, 0x52AA, 0x52AA,
    0x52AA, 0x52AA, 0x52AA, 0x52AA, 0x52AA, 0x52AA, 0x52AA, 0x52AA, 0x52AA, 0x52AA, 0x18E3, 0x0000,
    0x0000, 0x18E3, 0x52AA, 0x52AA, 0x52AA, 0x52AA, 0x52AA, 0x52AA, 0x52AA, 0x52AA, 0x52AA, 0x52AA,
    0x52AA, 0x52AA, 0x52AA, 0x52AA, 0x52AA, 0x52AA, 0x52AA, 0x52AA, 0x52AA, 0x52AA, 0x52AA, 0x52AA,
    0xFA8A, 0x52AA, 0x52AA, 0x52AA, 0x52AA, 0x52AA, 0x18E3, 0x0000, 0x0000, 0x18E3, 0x528A, 0x528A,
    0x528A, 0x528A, 0x528A, 0x528A, 0x528A, 0x528A, 0x528A, 0x528A, 0x528A, 0x528A, 0x528A, 0x528A,
    0x528A, 0x528A, 0x528A, 0x528A, 0xFFFF, 0x528A, 0x528A, 0xFA8A, 0xFA8A, 0xFA8A, 0x528A, 0x528A,
    0x528A, 0x528A, 0x18E3, 0x0000, 0x0000, 0x18E3, 0x528A, 0x528A, 0x528A, 0x528A, 0x528A, 0x528A,
    0x528A, 0x528A, 0x528A, 0x528A, 0x528A, 0x528A, 0x528A, 0x528A, 0x528A, 0x528A, 0xFFFF, 0xFFFF,
    0xFFFF, 0x528A, 0xFA8A, 0xFA8A, 0xFA8A, 0x528A, 0x528A, 0x528A, 0x528A, 0x528A, 0x18E3, 0x0000,
    0x0000, 0x18E3, 0x528A, 0x528A, 0x528A, 0x528A, 0x528A, 0x528A, 0x528A, 0x528A, 0x528A, 0x528A,
    0x528A, 0x528A, 0x528A, 0x528A, 0xFFFF, 0xFFFF, 0xFFFF, 0xFFFF, 0xFFFF, 0xFA8A, 0xFA8A, 0xFA8A,
    0x528A, 0x528A, 0x528A, 0x528A, 0x528A, 0x528A, 0x18E3, 0x0000, 0x0000, 0x18E3, 0x528A, 0x528A,
    0x528A, 0x528A, 0x528A, 0x528A, 0x528A, 0x528A, 0x528A, 0x528A, 0x528A, 0x528A, 0xFFFF, 0xFFFF,
    0xFFFF, 0xFFFF, 0xFFFF, 0xFFFF, 0xFA8A, 0xFA8A, 0xFA8A, 0x528A, 0x528A, 0x528A, 0x528A, 0x528A,
    0x528A, 0x528A, 0x18E3, 0x0000, 0x0000, 0x18E3, 0x4A69, 0x4A69, 0x4A69, 0x4A69, 0x4A69, 0x4A69,
    0x4A69, 0x4A69, 0x4A69, 0x4A69, 0xFFFF, 0xFFFF, 0xFFFF, 0xFFFF, 0xFFFF, 0xFFFF, 0xFFFF, 0xFA8A,
    0xFA8A, 0xFA8A, 0x4A69, 0x4A69, 0x4A69, 0x4A69, 0x4A69, 0x4A69, 0x4A69, 0x4A69, 0x18E3, 0x0000,
    0x0000, 0x18E3, 0x4A69, 0x4A69, 0x4A69, 0x4A69, 0x4A69, 0xFFFF, 0xFFFF, 0xFFFF, 0xFFFF, 0xFFFF,
    0xFFFF, 0xFFFF, 0xFFFF, 0xFFFF, 0xFFFF, 0xFFFF, 0xFA8A, 0xFA8A, 0xFA8A, 0x4A69, 0x4A69, 0x4A69,
    0x4A69, 0x4A69, 0x4A69, 0x4A69, 0x4A69, 0x4A69, 0x18E3, 0x0000, 0x0000, 0x18E3, 0x4A69, 0x4A69,
    0x4A69, 0x4A69, 0x4A69, 0xFFFF, 0xFFFF, 0xFFFF, 0xFFFF, 0xFFFF, 0xFFFF, 0xFFFF, 0xFFFF, 0xFFFF,
    0xFFFF, 0xFA8A, 0xFA8A, 0xFA8A, 0xFFFF, 0x4A69, 0x4A69, 0x4A69, 0x4A69, 0x4A69, 0x4A69, 0x4A69,
    0x4A69, 0x4A69, 0x18E3, 0x0000, 0x0000, 0x18E3, 0x4A69, 0x4A69, 0x4A69, 0x4A69, 0x4A69, 0xFFFF,
    0xFFFF, 0xFFFF, 0xFFFF, 0xFFFF, 0xFFFF, 0xFFFF, 0xFFFF, 0xFFFF, 0xFA8A, 0xFA8A, 0xFA8A, 0xFFFF,
    0xFFFF, 0x4A69, 0x4A69, 0x4A69, 0x4A69, 0x4A69, 0x4A69, 0x4A69, 0x4A69, 0x4A69, 0x18E3, 0x0000,
    0x0000, 0x18E3, 0x4A69, 0x4A69, 0x4A69, 0x4A69, 0x4A69, 0xFFFF, 0xFFFF, 0xFFFF, 0xFFFF, 0xFFFF,
    0xFFFF, 0xFFFF, 0xFFFF, 0xFA8A, 0xFA8A, 0xFA8A, 0xFFFF, 0xFFFF, 0xFFFF, 0x4A69, 0x4A69, 0x4A69,
    0x4A69, 0x4A69, 0x4A69, 0x4A69, 0x4A69, 0x4A69, 0x18E3, 0x0000, 0x0000, 0x18E3, 0x4A49, 0x4A49,
    0x4A49, 0x4A49, 0x4A49, 0xFFFF, 0xFFFF, 0xFFFF, 0xFFFF, 0xFFFF, 0xFFFF, 0xFFFF, 0xFFFF, 0xFA8A,
    0xFA8A, 0xFA8A, 0xFFFF, 0xFFFF, 0xFFFF, 0x4A49, 0x4A49, 0x4A49, 0x4A49, 0x4A49, 0x4A49, 0x4A49,
    0x4A49, 0x4A49, 0x18E3, 0x0000, 0x0000, 0x18E3, 0x4A49, 0x4A49, 0x4A49, 0x4A49, 0x4A49, 0xFFFF,
    0xFFFF, 0xFFFF, 0xFFFF, 0xFFFF, 0xFFFF, 0xFFFF, 0xFA8A, 0xFA8A, 0xFA8A, 0xFFFF, 0xFFFF, 0xFFFF,
    0xFFFF, 0x4A49, 0x4A49, 0x4A49, 0x4A49, 0x4A49, 0x4A49, 0x4A49, 0x4A49, 0x4A49, 0x18E3, 0x0000,
    0x0000, 0x18E3, 0x4A49, 0x4A49, 0x4A49, 0x4A49, 0x4A49, 0xFFFF, 0xFFFF, 0xFFFF, 0xFFFF, 0xFFFF,
    0xFFFF, 0xFA8A, 0xFA8A, 0xFA8A, 0xFFFF, 0xFFFF, 0xFFFF, 0xFFFF, 0xFFFF, 0x4A49, 0x4A49, 0x4A49,
    0x4A49, 0x4A49, 0x4A49, 0x4A49, 0x4A49, 0x4A49, 0x18E3, 0x0000, 0x0000, 0x18E3, 0x4A49, 0x4A49,
    0x4A49, 0x4A49, 0x4A49, 0x4A49, 0x4A49, 0x4A49, 0x4A49, 0x4A49, 0xFA8A, 0xFA8A, 0xFA8A, 0xFFFF,
    0xFFFF, 0xFFFF, 0xFFFF, 0xFFFF, 0xFFFF, 0x4A49, 0x4A49, 0x4A49, 0x4A49, 0x4A49, 0x4A49, 0x4A49,
    0x4A49, 0x4A49, 0x18E3, 0x0000, 0x0000, 0x18E3, 0x4A49, 0x4A49, 0x4A49, 0x4A49, 0x4A49, 0x4A49,
    0x4A49, 0x4A49, 0x4A49, 0xFA8A, 0xFA8A, 0xFA8A, 0xFFFF, 0xFFFF, 0xFFFF, 0xFFFF, 0xFFFF, 0xFFFF,
    0xFFFF, 0x4A49, 0x4A49, 0x4A49, 0x4A49, 0x4A49, 0x4A49, 0x4A49, 0x4A49, 0x4A49, 0x18E3, 0x0000,
    0x0000, 0x18E3, 0x4228, 0x4228, 0x4228, 0x4228, 0x4228, 0x4228, 0x4228, 0x4228, 0xFA8A, 0xFA8A,
    0xFA8A, 0x4228, 0x4228, 0x4228, 0xFFFF, 0xFFFF, 0xFFFF, 0xFFFF, 0xFFFF, 0x4228, 0x4228, 0x4228,
    0x4228, 0x4228, 0x4228, 0x4228, 0x4228, 0x4228, 0x18E3, 0x0000, 0x0000, 0x18E3, 0x4228, 0x4228,
    0x4228, 0x4228, 0x4228, 0x4228, 0x4228, 0xFA8A, 0xFA8A, 0xFA8A, 0x4228, 0x4228, 0x4228, 0x4228,
    0x4228, 0x4228, 0xFFFF, 0xFFFF, 0xFFFF, 0x4228, 0x4228, 0x4228, 0x4228, 0x4228, 0x4228, 0x4228,
    0x4228, 0x4228, 0x18E3, 0x0000, 0x0000, 0x18E3, 0x4228, 0x4228, 0x4228, 0x4228, 0x4228, 0x4228,
    0xFA8A, 0xFA8A, 0xFA8A, 0x4228, 0x4228, 0x4228, 0x4228, 0x4228, 0x4228, 0x4228, 0x4228, 0x4228,
    0xFFFF, 0x4228, 0x4228, 0x4228, 0x4228, 0x4228, 0x4228, 0x4228, 0x4228, 0x4228, 0x18E3, 0x0000,
    0x0000, 0x18E3, 0x4228, 0x4228, 0x4228, 0x4228, 0x4228, 0x4228, 0x4228, 0xFA8A, 0x4228, 0x4228,
    0x4228, 0x4228, 0x4228, 0x4228, 0x4228, 0x4228, 0x4228, 0x4228, 0x4228, 0x4228, 0x4228, 0x4228,
    0x4228, 0x4228, 0x4228, 0x4228, 0x4228, 0x4228, 0x18E3, 0x0000, 0x0000, 0x18E3, 0x4228, 0x4228,
    0x4228, 0x4228, 0x4228, 0x4228, 0x4228, 0x4228, 0x4228, 0x4228, 0x4228, 0x4228, 0x4228, 0x4228,
    0x4228, 0x4228, 0x4228, 0x4228, 0x4228, 0x4228, 0x4228, 0x4228, 0x4228, 0x4228, 0x4228, 0x4228,
    0x4228, 0x4228, 0x18E3, 0x0000, 0x0000, 0x18E3, 0x4208, 0x4208, 0x4208, 0x4208, 0x4208, 0x4208,
    0x4208, 0x4208, 0x4208, 0x4208, 0x4208, 0x4208, 0x4208, 0x4208, 0x4208, 0x4208, 0x4208, 0x4208,
    0x4208, 0x4208, 0x4208, 0x4208, 0x4208, 0x4208, 0x4208, 0x4208, 0x4208, 0x4208, 0x18E3, 0x0000,
    0x0000, 0x18E3, 0x4208, 0x4208, 0x4208, 0x4208, 0x4208, 0x4208, 0x4208, 0x4208, 0x4208, 0x4208,
    0x4208, 0x4208, 0x4208, 0x4208, 0x4208, 0x4208, 0x4208, 0x4208, 0x4208, 0x4208, 0x4208, 0x4208,
    0x4208, 0x4208, 0x4208, 0x4208, 0x4208, 0x4208, 0x18E3, 0x0000, 0x0000, 0x0000, 0x4208, 0x4208,
    0x4208, 0x4208, 0x4208, 0x4208, 0x4208, 0x4208, 0x4208, 0x4208, 0x4208, 0x4208, 0x4208, 0x4208,
    0x4208, 0x4208, 0x4208, 0x4208, 0x4208, 0x4208, 0x4208, 0x4208, 0x4208, 0x4208, 0x4208, 0x4208,
    0x4208, 0x4208, 0x0000, 0x0000, 0x0000, 0x0000, 0x0000, 0x18E3, 0x18E3, 0x18E3, 0x18E3, 0x18E3,
    0x18E3, 0x18E3, 0x18E3, 0x18E3, 0x18E3, 0x18E3, 0x18E3, 0x18E3, 0x18E3, 0x18E3, 0x18E3, 0x18E3,
    0x18E3, 0x18E3, 0x18E3, 0x18E3, 0x18E3, 0x18E3, 0x18E3, 0x18E3, 0x18E3, 0x0000, 0x0000, 0x0000,
    0x0000, 0x0000, 0x0000, 0x0000, 0x0000, 0x0000, 0x0000, 0x0000, 0x0000, 0x0000, 0x0000, 0x0000,
    0x0000, 0x0000, 0x0000, 0x0000, 0x0000, 0x0000, 0x0000, 0x0000, 0x0000, 0x0000, 0x0000, 0x0000,
    0x0000, 0x0000, 0x0000, 0x0000, 0x0000, 0x0000, 0x0000, 0x0000, 0x0000, 0x0000, 0x0000, 0x0000,
    0x0000, 0x0000, 0x0000, 0x0000, 0x0000, 0x0000, 0x0000, 0x0000, 0x0000, 0x0000, 0x0000, 0x0000,
    0x0000, 0x0000, 0x0000, 0x0000, 0x0000, 0x0000, 0x0000, 0x0000, 0x0000, 0x0000, 0x0000, 0x0000,
    0x0000, 0x0000, 0x0000, 0x0000, 0x0000, 0x0000, 0x0000, 0x49E1, 0x49E1, 0x49E1, 0x49E1, 0x49E1,
    0x49E1, 0x49E1, 0x49E1, 0x49E1, 0x49E1, 0x49E1, 0x49E1, 0x49E1, 0x49E1, 0x49E1, 0x49E1, 0x49E1,
    0x49E1, 0x49E1, 0x49E1, 0x49E1, 0x49E1, 0x49E1, 0x49E1, 0x49E1, 0x49E1, 0x0000, 0x0000, 0x0000,
    0x0000, 0x0000, 0xD584, 0xD584, 0xD584, 0xD584, 0xD584, 0xD584, 0xD584, 0xD584, 0xD584, 0xD584,
    0xD584, 0xD584, 0xD584, 0xD584, 0xD584, 0xD584, 0xD584, 0xD584, 0xD584, 0xD584, 0xD584, 0xD584,
    0xD584, 0xD584, 0xD584, 0xD584, 0xD584, 0xD584, 0x0000, 0x0000, 0x0000, 0x49E1, 0xD564, 0xD564,
    0xD564, 0xD564, 0xD564, 0xD564, 0xD564, 0xD564, 0xD564, 0xD564, 0xD564, 0xD564, 0xD564, 0xD564,
    0xD564, 0xD564, 0xD564, 0xD564, 0xD564, 0xD564, 0xD564, 0xD564, 0xD564, 0xD564, 0xD564, 0xD564,
    0xD564, 0xD564, 0x49E1, 0x0000, 0x0000, 0x49E1, 0xD564, 0xD564, 0xD564, 0xD564, 0xD564, 0xD564,
    0xD564, 0xD564, 0xD564, 0xD564, 0xD564, 0xD564, 0xD564, 0xD564, 0xD564, 0xD564, 0xD564, 0xD564,
    0xD564, 0xD564, 0xD564, 0xD564, 0xD564, 0xD564, 0xD564, 0xD564, 0xD564, 0xD564, 0x49E1, 0x0000,
    0x0000, 0x49E1, 0xD544, 0xD544, 0xD544, 0xD544, 0xD544, 0xD544, 0xD544, 0xD544, 0xD544, 0xD544,
    0xD544, 0xD544, 0xD544, 0xD544, 0xD544, 0xD544, 0xD544, 0xD544, 0xD544, 0xD544, 0xD544, 0xD544,
    0xD544, 0xD544, 0xD544, 0xD544, 0xD544, 0xD544, 0x49E1, 0x0000, 0x0000, 0x49E1, 0xCD44, 0xCD44,
    0xCD44, 0xCD44, 0xCD44, 0xCD44, 0xCD44, 0xCD44, 0xCD44, 0xCD44, 0xCD44, 0xCD44, 0xCD44, 0xCD44,
    0xCD44, 0xCD44, 0xCD44, 0xCD44, 0xCD44, 0xCD44, 0xCD44, 0xCD44, 0xCD44, 0xCD44, 0xCD44, 0xCD44,
    0xCD44, 0xCD44, 0x49E1, 0x0000, 0x0000, 0x49E1, 0xCD44, 0xCD44, 0xCD44, 0xCD44, 0xCD44, 0xCD44,
    0xCD44, 0xCD44, 0xCD44, 0xCD44, 0xCD44, 0xCD44, 0xCD44, 0xCD44, 0xCD44, 0xCD44, 0xCD44, 0xCD44,
    0xCD44, 0xCD44, 0xCD44, 0xCD44, 0xFA8A, 0xCD44, 0xCD44, 0xCD44, 0xCD44, 0xCD44, 0x49E1, 0x0000,
    0x0000, 0x49E1, 0xCD24, 0xCD24, 0xCD24, 0xCD24, 0xCD24, 0xCD24, 0xCD24, 0xCD24, 0xCD24, 0xCD24,
    0xCD24, 0xCD24, 0xCD24, 0xCD24, 0xCD24, 0xCD24, 0xCD24, 0xCD24, 0xFFFF, 0xCD24, 0xCD24, 0xFA8A,
    0xFA8A, 0xFA8A, 0xCD24, 0xCD24, 0xCD24, 0xCD24, 0x49E1, 0x0000, 0x0000, 0x49E1, 0xCD24, 0xCD24,
    0xCD24, 0xCD24, 0xCD24, 0xCD24, 0xCD24, 0xCD24, 0xCD24, 0xCD24, 0xCD24, 0xCD24, 0xCD24, 0xCD24,
    0xCD24, 0xCD24, 0xFFFF, 0xFFFF, 0xFFFF, 0xCD24, 0xFA8A, 0xFA8A, 0xFA8A, 0xCD24, 0xCD24, 0xCD24,
    0xCD24, 0xCD24, 0x49E1, 0x0000, 0x0000, 0x49E1, 0xC504, 0xC504, 0xC504, 0xC504, 0xC504, 0xC504,
    0xC504, 0xC504, 0xC504, 0xC504, 0xC504, 0xC504, 0xC504, 0xC504, 0xFFFF, 0xFFFF, 0xFFFF, 0xFFFF,
    0xFFFF, 0xFA8A, 0xFA8A, 0xFA8A, 0xC504, 0xC504, 0xC504, 0xC504, 0xC504, 0xC504, 0x49E1, 0x0000,
    0x0000, 0x49E1, 0xC504, 0xC504, 0xC504, 0xC504, 0xC504, 0xC504, 0xC504, 0xC504, 0xC504, 0xC504,
    0xC504, 0xC504, 0xFFFF, 0xFFFF, 0xFFFF, 0xFFFF, 0xFFFF, 0xFFFF, 0xFA8A, 0xFA8A, 0xFA8A, 0xC504,
    0xC504, 0xC504, 0xC504, 0xC504, 0xC504, 0xC504, 0x49E1, 0x0000, 0x0000, 0x49E1, 0xC4E4, 0xC4E4,
    0xC4E4, 0xC4E4, 0xC4E4, 0xC4E4, 0xC4E4, 0xC4E4, 0xC4E4, 0xC4E4, 0xFFFF, 0xFFFF, 0xFFFF, 0xFFFF,
    0xFFFF, 0xFFFF, 0xFFFF, 0xFA8A, 0xFA8A, 0xFA8A, 0xC4E4, 0xC4E4, 0xC4E4, 0xC4E4, 0xC4E4, 0xC4E4,
    0xC4E4, 0xC4E4, 0x49E1, 0x0000, 0x0000, 0x49E1, 0xC4E4, 0xC4E4, 0xC4E4, 0xC4E4, 0xC4E4, 0xFFFF,
    0xFFFF, 0xFFFF, 0xFFFF, 0xFFFF, 0xFFFF, 0xFFFF, 0xFFFF, 0xFFFF, 0xFFFF, 0xFFFF, 0xFA8A, 0xFA8A,
    0xFA8A, 0xC4E4, 0xC4E4, 0xC4E4, 0xC4E4, 0xC4E4, 0xC4E4, 0xC4E4, 0xC4E4, 0xC4E4, 0x49E1, 0x0000,
    0x0000, 0x49E1, 0xBCE4, 0xBCE4, 0xBCE4, 0xBCE4, 0xBCE4, 0xFFFF, 0xFFFF, 0xFFFF, 0xFFFF, 0xFFFF,
    0xFFFF, 0xFFFF, 0xFFFF, 0xFFFF, 0xFFFF, 0xFA8A, 0xFA8A, 0xFA8A, 0xFFFF, 0xBCE4, 0xBCE4, 0xBCE4,
    0xBCE4, 0xBCE4, 0xBCE4, 0xBCE4, 0xBCE4, 0xBCE4, 0x49E1, 0x0000, 0x0000, 0x49E1, 0xBCC4, 0xBCC4,
    0xBCC4, 0xBCC4, 0xBCC4, 0xFFFF, 0xFFFF, 0xFFFF, 0xFFFF, 0xFFFF, 0xFFFF, 0xFFFF, 0xFFFF, 0xFFFF,
    0xFA8A, 0xFA8A, 0xFA8A, 0xFFFF, 0xFFFF, 0xBCC4, 0xBCC4, 0xBCC4, 0xBCC4, 0xBCC4, 0xBCC4, 0xBCC4,
    0xBCC4, 0xBCC4, 0x49E1, 0x0000, 0x0000, 0x49E1, 0xBCC4, 0xBCC4, 0xBCC4, 0xBCC4, 0xBCC4, 0xFFFF,
    0xFFFF, 0xFFFF, 0xFFFF, 0xFFFF, 0xFFFF, 0xFFFF, 0xFFFF, 0xFA8A, 0xFA8A, 0xFA8A, 0xFFFF, 0xFFFF,
    0xFFFF, 0xBCC4, 0xBCC4, 0xBCC4, 0xBCC4, 0xBCC4, 0xBCC4, 0xBCC4, 0xBCC4, 0xBCC4, 0x49E1, 0x0000,
    0x0000, 0x49E1, 0xBCA4, 0xBCA4, 0xBCA4, 0xBCA4, 0xBCA4, 0xFFFF, 0xFFFF, 0xFFFF, 0xFFFF, 0xFFFF,
    0xFFFF, 0xFFFF, 0xFFFF, 0xFA8A, 0xFA8A, 0xFA8A, 0xFFFF, 0xFFFF, 0xFFFF, 0xBCA4, 0xBCA4, 0xBCA4,
    0xBCA4, 0xBCA4, 0xBCA4, 0xBCA4, 0xBCA4, 0xBCA4, 0x49E1, 0x0000, 0x0000, 0x49E1, 0xB4A4, 0xB4A4,
    0xB4A4, 0xB4A4, 0xB4A4, 0xFFFF, 0xFFFF, 0xFFFF, 0xFFFF, 0xFFFF, 0xFFFF, 0xFFFF, 0xFA8A, 0xFA8A,
    0xFA8A, 0xFFFF, 0xFFFF, 0xFFFF, 0xFFFF, 0xB4A4, 0xB4A4, 0xB4A4, 0xB4A4, 0xB4A4, 0xB4A4, 0xB4A4,
    0xB4A4, 0xB4A4, 0x49E1, 0x0000, 0x0000, 0x49E1, 0xB4A4, 0xB4A4, 0xB4A4, 0xB4A4, 0xB4A4, 0xFFFF,
    0xFFFF, 0xFFFF, 0xFFFF, 0xFFFF, 0xFFFF, 0xFA8A, 0xFA8A, 0xFA8A, 0xFFFF, 0xFFFF, 0xFFFF, 0xFFFF,
    0xFFFF, 0xB4A4, 0xB4A4, 0xB4A4, 0xB4A4, 0xB4A4, 0xB4A4, 0xB4A4, 0xB4A4, 0xB4A4, 0x49E1, 0x0000,
    0x0000, 0x49E1, 0xB484, 0xB484, 0xB484, 0xB484, 0xB484, 0xB484, 0xB484, 0xB484, 0xB484, 0xB484,
    0xFA8A, 0xFA8A, 0xFA8A, 0xFFFF, 0xFFFF, 0xFFFF, 0xFFFF, 0xFFFF, 0xFFFF, 0xB484, 0xB484, 0xB484,
    0xB484, 0xB484, 0xB484, 0xB484, 0xB484, 0xB484, 0x49E1, 0x0000, 0x0000, 0x49E1, 0xB484, 0xB484,
    0xB484, 0xB484, 0xB484, 0xB484, 0xB484, 0xB484, 0xB484, 0xFA8A, 0xFA8A, 0xFA8A, 0xFFFF, 0xFFFF,
    0xFFFF, 0xFFFF, 0xFFFF, 0xFFFF, 0xFFFF, 0xB484, 0xB484, 0xB484, 0xB484, 0xB484, 0xB484, 0xB484,
    0xB484, 0xB484, 0x49E1, 0x0000, 0x0000, 0x49E1, 0xAC63, 0xAC63, 0xAC63, 0xAC63, 0xAC63, 0xAC63,
    0xAC63, 0xAC63, 0xFA8A, 0xFA8A, 0xFA8A, 0xAC63, 0xAC63, 0xAC63, 0xFFFF, 0xFFFF, 0xFFFF, 0xFFFF,
    0xFFFF, 0xAC63, 0xAC63, 0xAC63, 0xAC63, 0xAC63, 0xAC63, 0xAC63, 0xAC63, 0xAC63, 0x49E1, 0x0000,
    0x0000, 0x49E1, 0xAC63, 0xAC63, 0xAC63, 0xAC63, 0xAC63, 0xAC63, 0xAC63, 0xFA8A, 0xFA8A, 0xFA8A,
    0xAC63, 0xAC63, 0xAC63, 0xAC63, 0xAC63, 0xAC63, 0xFFFF, 0xFFFF, 0xFFFF, 0xAC63, 0xAC63, 0xAC63,
    0xAC63, 0xAC63, 0xAC63, 0xAC63, 0xAC63, 0xAC63, 0x49E1, 0x0000, 0x0000, 0x49E1, 0xAC43, 0xAC43,
    0xAC43, 0xAC43, 0xAC43, 0xAC43, 0xFA8A, 0xFA8A, 0xFA8A, 0xAC43, 0xAC43, 0xAC43, 0xAC43, 0xAC43,
    0xAC43, 0xAC43, 0xAC43, 0xAC43, 0xFFFF, 0xAC43, 0xAC43, 0xAC43, 0xAC43, 0xAC43, 0xAC43, 0xAC43,
    0xAC43, 0xAC43, 0x49E1, 0x0000, 0x0000, 0x49E1, 0xAC43, 0xAC43, 0xAC43, 0xAC43, 0xAC43, 0xAC43,
    0xAC43, 0xFA8A, 0xAC43, 0xAC43, 0xAC43, 0xAC43, 0xAC43, 0xAC43, 0xAC43, 0xAC43, 0xAC43, 0xAC43,
    0xAC43, 0xAC43, 0xAC43, 0xAC43, 0xAC43, 0xAC43, 0xAC43, 0xAC43, 0xAC43, 0xAC43, 0x49E1, 0x0000,
    0x0000, 0x49E1, 0xA443, 0xA443, 0xA443, 0xA443, 0xA443, 0xA443, 0xA443, 0xA443, 0xA443, 0xA443,
    0xA443, 0xA443, 0xA443, 0xA443, 0xA443, 0xA443, 0xA443, 0xA443, 0xA443, 0xA443, 0xA443, 0xA443,
    0xA443, 0xA443, 0xA443, 0xA443, 0xA443, 0xA443, 0x49E1, 0x0000, 0x0000, 0x49E1, 0xA423, 0xA423,
    0xA423, 0xA423, 0xA423, 0xA423, 0xA423, 0xA423, 0xA423, 0xA423, 0xA423, 0xA423, 0xA423, 0xA423,
    0xA423, 0xA423, 0xA423, 0xA423, 0xA423, 0xA423, 0xA423, 0xA423, 0xA423, 0xA423, 0xA423, 0xA423,
    0xA423, 0xA423, 0x49E1, 0x0000, 0x0000, 0x49E1, 0xA423, 0xA423, 0xA423, 0xA423, 0xA423, 0xA423,
    0xA423, 0xA423, 0xA423, 0xA423, 0xA423, 0xA423, 0xA423, 0xA423, 0xA423, 0xA423, 0xA423, 0xA423,
    0xA423, 0xA423, 0xA423, 0xA423, 0xA423, 0xA423, 0xA423, 0xA423, 0xA423, 0xA423, 0x49E1, 0x0000,
    0x0000, 0x0000, 0xA423, 0xA423, 0xA423, 0xA423, 0xA423, 0xA423, 0xA423, 0xA423, 0xA423, 0xA423,
    0xA423, 0xA423, 0xA423, 0xA423, 0xA423, 0xA423, 0xA423, 0xA423, 0xA423, 0xA423, 0xA423, 0xA423,
    0xA423, 0xA423, 0xA423, 0xA423, 0xA423, 0xA423, 0x0000, 0x0000, 0x0000, 0x0000, 0x0000, 0x49E1,
    0x49E1, 0x49E1, 0x49E1, 0x49E1, 0x49E1, 0x49E1, 0x49E1, 0x49E1, 0x49E1, 0x49E1, 0x49E1, 0x49E1,
    0x49E1, 0x49E1, 0x49E1, 0x49E1, 0x49E1, 0x49E1, 0x49E1, 0x49E1, 0x49E1, 0x49E1, 0x49E1, 0x49E1,
    0x49E1, 0x0000, 0x0000, 0x0000, 0x0000, 0x0000, 0x0000, 0x0000, 0x0000, 0x0000, 0x0000, 0x0000,
    0x0000, 0x0000, 0x0000, 0x0000, 0x0000, 0x0000, 0x0000, 0x0000, 0x0000, 0x0000, 0x0000, 0x0000,
    0x0000, 0x0000, 0x0000, 0x0000, 0x0000, 0x0000, 0x0000, 0x0000, 0x0000, 0x0000, 0x0000, 0x0000,
    0x0000, 0x0000, 0x0000, 0x0000, 0x0000, 0x0000, 0x0000, 0x0000, 0x0000, 0x0000, 0x0000, 0x0000,
    0x0000, 0x0000, 0x0000, 0x0000, 0x0000, 0x0000, 0x0000, 0x0000, 0x0000, 0x0000, 0x0000, 0x0000,
    0x0000, 0x0000, 0x0000, 0x0000, 0x0000, 0x0000, 0x0000, 0x0000, 0x0000, 0x0000, 0x0000, 0x08A4,
    0x08A4, 0x08A4, 0x08A4, 0x08A4, 0x08A4, 0x08A4, 0x08A4, 0x08A4, 0x08A4, 0x08A4, 0x08A4, 0x08A4,
    0x08A4, 0x08A4, 0x08A4, 0x08A4, 0x08A4, 0x08A4, 0x08A4, 0x08A4, 0x08A4, 0x08A4, 0x08A4, 0x08A4,
    0x08A4, 0x0000, 0x0000, 0x0000, 0x0000, 0x0000, 0x21CC, 0x21CC, 0x21CC, 0x21CC, 0x21CC, 0x21CC,
    0x21CC, 0x21CC, 0x21CC, 0x21CC, 0x21CC, 0x21CC, 0x21CC, 0x21CC, 0x21CC, 0x21CC, 0x21CC, 0x21CC,
    0x21CC, 0x21CC, 0x21CC, 0x21CC, 0x21CC, 0x21CC, 0x21CC, 0x21CC, 0x21CC, 0x21CC, 0x0000, 0x0000,
    0x0000, 0x08A4, 0x21CC, 0x21CC, 0x21CC, 0x21CC, 0x21CC, 0x21CC, 0x21CC, 0x21CC, 0x21CC, 0x21CC,
    0x21CC, 0x21CC, 0x21CC, 0x21CC, 0x21CC, 0x21CC, 0x21CC, 0x21CC, 0x21CC, 0x21CC, 0x21CC, 0x21CC,
    0x21CC, 0x21CC, 0x21CC, 0x21CC, 0x21CC, 0x21CC, 0x08A4, 0x0000, 0x0000, 0x08A4, 0x21CC, 0x21CC,
    0x21CC, 0x21CC, 0x21CC, 0x21CC, 0x21CC, 0x21CC, 0x21CC, 0x21CC, 0x21CC, 0x21CC, 0x21CC, 0x21CC,
    0x21CC, 0x21CC, 0x21CC, 0x21CC, 0x21CC, 0x21CC, 0x21CC, 0x21CC, 0x21CC, 0x21CC, 0x21CC, 0x21CC,
    0x21CC, 0x21CC, 0x08A4, 0x0000, 0x0000, 0x08A4, 0x21CB, 0x21CB, 0x21CB, 0x21CB, 0x21CB, 0x21CB,
    0x21CB, 0x21CB, 0x21CB, 0x21CB, 0x21CB, 0x21CB, 0x21CB, 0x21CB, 0x21CB, 0x21CB, 0x21CB, 0x21CB,
    0x21CB, 0x21CB, 0x21CB, 0x21CB, 0x21CB, 0x21CB, 0x21CB, 0x21CB, 0x21CB, 0x21CB, 0x08A4, 0x0000,
    0x0000, 0x08A4, 0x21CB, 0x21CB, 0x21CB, 0x21CB, 0x21CB, 0x21CB, 0x21CB, 0x21CB, 0x21CB, 0x21CB,
    0x21CB, 0x21CB, 0x21CB, 0x21CB, 0x21CB, 0x21CB, 0x21CB, 0x21CB, 0x21CB, 0x21CB, 0x21CB, 0x21CB,
    0x21CB, 0x21CB, 0x21CB, 0x21CB, 0x21CB, 0x21CB, 0x08A4, 0x0000, 0x0000, 0x08A4, 0x21CB, 0x21CB,
    0x21CB, 0x21CB, 0x21CB, 0x21CB, 0x21CB, 0x21CB, 0x21CB, 0xFFFF, 0xFFFF, 0xFFFF, 0x21CB, 0x21CB,
    0x21CB, 0xFFFF, 0xFFFF, 0xFFFF, 0x21CB, 0x21CB, 0x21CB, 0x21CB, 0x21CB, 0x21CB, 0x21CB, 0x21CB,
    0x21CB, 0x21CB, 0x08A4, 0x0000, 0x0000, 0x08A4, 0x21AB, 0x21AB, 0x21AB, 0x21AB, 0x21AB, 0x21AB,
    0x21AB, 0x21AB, 0x21AB, 0xFFFF, 0xFFFF, 0xFFFF, 0x21AB, 0x21AB, 0x21AB, 0xFFFF, 0xFFFF, 0xFFFF,
    0x21AB, 0x21AB, 0x21AB, 0x21AB, 0x21AB, 0x21AB, 0x21AB, 0x21AB, 0x21AB, 0x21AB, 0x08A4, 0x0000,
    0x0000, 0x08A4, 0x21AB, 0x21AB, 0x21AB, 0x21AB, 0x21AB, 0x21AB, 0x21AB, 0x21AB, 0x21AB, 0xFFFF,
    0xFFFF, 0xFFFF, 0x21AB, 0x21AB, 0x21AB, 0xFFFF, 0xFFFF, 0xFFFF, 0x21AB, 0x21AB, 0x21AB, 0x21AB,
    0x21AB, 0x21AB, 0x21AB, 0x21AB, 0x21AB, 0x21AB, 0x08A4, 0x0000, 0x0000, 0x08A4, 0x21AB, 0x21AB,
    0x21AB, 0x21AB, 0x21AB, 0x21AB, 0xFFFF, 0xFFFF, 0xFFFF, 0xFFFF, 0xFFFF, 0xFFFF, 0xFFFF, 0xFFFF,
    0xFFFF, 0x21AB, 0x21AB, 0x21AB, 0xFFFF, 0xFFFF, 0xFFFF, 0x21AB, 0x21AB, 0x21AB, 0x21AB, 0x21AB,
    0x21AB, 0x21AB, 0x08A4, 0x0000, 0x0000, 0x08A4, 0x21AB, 0x21AB, 0x21AB, 0x21AB, 0x21AB, 0x21AB,
    0xFFFF, 0xFFFF, 0xFFFF, 0xFFFF, 0xFFFF, 0xFFFF, 0xFFFF, 0xFFFF, 0xFFFF, 0x21AB, 0x21AB, 0x21AB,
    0xFFFF, 0xFFFF, 0xFFFF, 0x21AB, 0x21AB, 0x21AB, 0x21AB, 0x21AB, 0x21AB, 0x21AB, 0x08A4, 0x0000,
    0x0000, 0x08A4, 0x21AB, 0x21AB, 0x21AB, 0x21AB, 0x21AB, 0x21AB, 0xFFFF, 0xFFFF, 0xFFFF, 0xFFFF,
    0xFFFF, 0xFFFF, 0xFFFF, 0xFFFF, 0xFFFF, 0x21AB, 0x21AB, 0x21AB, 0xFFFF, 0xFFFF, 0xFFFF, 0x21AB,
    0x21AB, 0x21AB, 0x21AB, 0x21AB, 0x21AB, 0x21AB, 0x08A4, 0x0000, 0x0000, 0x08A4, 0x21AA, 0x21AA,
    0x21AA, 0x21AA, 0x21AA, 0x21AA, 0xFFFF, 0xFFFF, 0xFFFF, 0xFFFF, 0xFFFF, 0xFFFF, 0xFFFF, 0xFFFF,
    0xFFFF, 0x21AA, 0x21AA, 0x21AA, 0x21AA, 0x21AA, 0x21AA, 0x21AA, 0x21AA, 0x21AA, 0x21AA, 0x21AA,
    0x21AA, 0x21AA, 0x08A4, 0x0000, 0x0000, 0x08A4, 0x21AA, 0x21AA, 0x21AA, 0x21AA, 0x21AA, 0x21AA,
    0xFFFF, 0xFFFF, 0xFFFF, 0xFFFF, 0xFFFF, 0xFFFF, 0xFFFF, 0xFFFF, 0xFFFF, 0x21AA, 0x21AA, 0x21AA,
    0x21AA, 0x21AA, 0x21AA, 0x21AA, 0x21AA, 0x21AA, 0x21AA, 0x21AA, 0x21AA, 0x21AA, 0x08A4, 0x0000,
    0x0000, 0x08A4, 0x218A, 0x218A, 0x218A, 0x218A, 0x218A, 0x218A, 0xFFFF, 0xFFFF, 0xFFFF, 0xFFFF,
    0xFFFF, 0xFFFF, 0xFFFF, 0xFFFF, 0xFFFF, 0x218A, 0x218A, 0x218A, 0x218A, 0x218A, 0x218A, 0x218A,
    0x218A, 0x218A, 0x218A, 0x218A, 0x218A, 0x218A, 0x08A4, 0x0000, 0x0000, 0x08A4, 0x218A, 0x218A,
    0x218A, 0x218A, 0x218A, 0x218A, 0x218A, 0x218A, 0x218A, 0xFFFF, 0xFFFF, 0xFFFF, 0xFFFF, 0xFFFF,
    0xFFFF, 0xFFFF, 0xFFFF, 0xFFFF, 0x218A, 0x218A, 0x218A, 0x218A, 0x218A, 0x218A, 0x218A, 0x218A,
    0x218A, 0x218A, 0x08A4, 0x0000, 0x0000, 0x08A4, 0x218A, 0x218A, 0x218A, 0x218A, 0x218A, 0x218A,
    0x218A, 0x218A, 0x218A, 0xFFFF, 0xFFFF, 0xFFFF, 0xFFFF, 0xFFFF, 0xFFFF, 0xFFFF, 0xFFFF, 0xFFFF,
    0x218A, 0x218A, 0x218A, 0x218A, 0x218A, 0x218A, 0x218A, 0x218A, 0x218A, 0x218A, 0x08A4, 0x0000,
    0x0000, 0x08A4, 0x218A, 0x218A, 0x218A, 0x218A, 0x218A, 0x218A, 0x218A, 0x218A, 0x218A, 0xFFFF,
    0xFFFF, 0xFFFF, 0xFFFF, 0xFFFF, 0xFFFF, 0xFFFF, 0xFFFF, 0xFFFF, 0x218A, 0x218A, 0x218A, 0x218A,
    0x218A, 0x218A, 0x218A, 0x218A, 0x218A, 0x218A, 0x08A4, 0x0000, 0x0000, 0x08A4, 0x218A, 0x218A,
    0x218A, 0x218A, 0x218A, 0x218A, 0xFFFF, 0xFFFF, 0xFFFF, 0x218A, 0x218A, 0x218A, 0xFFFF, 0xFFFF,
    0xFFFF, 0xFFFF, 0xFFFF, 0xFFFF, 0xFFFF, 0xFFFF, 0xFFFF, 0x218A, 0x218A, 0x218A, 0x218A, 0x218A,
    0x218A, 0x218A, 0x08A4, 0x0000, 0x0000, 0x08A4, 0x218A, 0x218A, 0x218A, 0x218A, 0x218A, 0x218A,
    0xFFFF, 0xFFFF, 0xFFFF, 0x218A, 0x218A, 0x218A, 0xFFFF, 0xFFFF, 0xFFFF, 0xFFFF, 0xFFFF, 0xFFFF,
    0xFFFF, 0xFFFF, 0xFFFF, 0x218A, 0x218A, 0x218A, 0x218A, 0x218A, 0x218A, 0x218A, 0x08A4, 0x0000,
    0x0000, 0x08A4, 0x218A, 0x218A, 0x218A, 0x218A, 0x218A, 0x218A, 0xFFFF, 0xFFFF, 0xFFFF, 0x218A,
    0x218A, 0x218A, 0xFFFF, 0xFFFF, 0xFFFF, 0xFFFF, 0xFFFF, 0xFFFF, 0xFFFF, 0xFFFF, 0xFFFF, 0x218A,
    0x218A, 0x218A, 0x218A, 0x218A, 0x218A, 0x218A, 0x08A4, 0x0000, 0x0000, 0x08A4, 0x1969, 0x1969,
    0x1969, 0x1969, 0x1969, 0x1969, 0x1969, 0x1969, 0x1969, 0xFFFF, 0xFFFF, 0xFFFF, 0x1969, 0x1969,
    0x1969, 0xFFFF, 0xFFFF, 0xFFFF, 0x1969, 0x1969, 0x1969, 0x1969, 0x1969, 0x1969, 0x1969, 0x1969,
    0x1969, 0x1969, 0x08A4, 0x0000, 0x0000, 0x08A4, 0x1969, 0x1969, 0x1969, 0x1969, 0x1969, 0x1969,
    0x1969, 0x1969, 0x1969, 0xFFFF, 0xFFFF, 0xFFFF, 0x1969, 0x1969, 0x1969, 0xFFFF, 0xFFFF, 0xFFFF,
    0x1969, 0x1969, 0x1969, 0x1969, 0x1969, 0x1969, 0x1969, 0x1969, 0x1969, 0x1969, 0x08A4, 0x0000,
    0x0000, 0x08A4, 0x1969, 0x1969, 0x1969, 0x1969, 0x1969, 0x1969, 0x1969, 0x1969, 0x1969, 0xFFFF,
    0xFFFF, 0xFFFF, 0x1969, 0x1969, 0x1969, 0xFFFF, 0xFFFF, 0xFFFF, 0x1969, 0x1969, 0x1969, 0x1969,
    0x1969, 0x1969, 0x1969, 0x1969, 0x1969, 0x1969, 0x08A4, 0x0000, 0x0000, 0x08A4, 0x1969, 0x1969,
    0x1969, 0x1969, 0x1969, 0x1969, 0x1969, 0x1969, 0x1969, 0x1969, 0x1969, 0x1969, 0x1969, 0x1969,
    0x1969, 0x1969, 0x1969, 0x1969, 0x1969, 0x1969, 0x1969, 0x1969, 0x1969, 0x1969, 0x1969, 0x1969,
    0x1969, 0x1969, 0x08A4, 0x0000, 0x0000, 0x08A4, 0x1969, 0x1969, 0x1969, 0x1969, 0x1969, 0x1969,
    0x1969, 0x1969, 0x1969, 0x1969, 0x1969, 0x1969, 0x1969, 0x1969, 0x1969, 0x1969, 0x1969, 0x1969,
    0x1969, 0x1969, 0x1969, 0x1969, 0x1969, 0x1969, 0x1969, 0x1969, 0x1969, 0x1969, 0x08A4, 0x0000,
    0x0000, 0x08A4, 0x1969, 0x1969, 0x1969, 0x1969, 0x1969, 0x1969, 0x1969, 0x1969, 0x1969, 0x1969,
    0x1969, 0x1969, 0x1969, 0x1969, 0x1969, 0x1969, 0x1969, 0x1969, 0x1969, 0x1969, 0x1969, 0x1969,
    0x1969, 0x1969, 0x1969, 0x1969, 0x1969, 0x1969, 0x08A4, 0x0000, 0x0000, 0x08A4, 0x1969, 0x1969,
    0x1969, 0x1969, 0x1969, 0x1969, 0x1969, 0x1969, 0x1969, 0x1969, 0x1969, 0x1969, 0x1969, 0x1969,
    0x1969, 0x1969, 0x1969, 0x1969, 0x1969, 0x1969, 0x1969, 0x1969, 0x1969, 0x1969, 0x1969, 0x1969,
    0x1969, 0x1969, 0x08A4, 0x0000, 0x0000, 0x0000, 0x1969, 0x1969, 0x1969, 0x1969, 0x1969, 0x1969,
    0x1969, 0x1969, 0x1969, 0x1969, 0x1969, 0x1969, 0x1969, 0x1969, 0x1969, 0x1969, 0x1969, 0x1969,
    0x1969, 0x1969, 0x1969, 0x1969, 0x1969, 0x1969, 0x1969, 0x1969, 0x1969, 0x1969, 0x0000, 0x0000,
    0x0000, 0x0000, 0x0000, 0x08A4, 0x08A4, 0x08A4, 0x08A4, 0x08A4, 0x08A4, 0x08A4, 0x08A4, 0x08A4,
    0x08A4, 0x08A4, 0x08A4, 0x08A4, 0x08A4, 0x08A4, 0x08A4, 0x08A4, 0x08A4, 0x08A4, 0x08A4, 0x08A4,
    0x08A4, 0x08A4, 0x08A4, 0x08A4, 0x08A4, 0x0000, 0x0000, 0x0000, 0x0000, 0x0000, 0x0000, 0x0000,
    0x0000, 0x0000, 0x0000, 0x0000, 0x0000, 0x0000, 0x0000, 0x0000, 0x0000, 0x0000, 0x0000, 0x0000,
    0x0000, 0x0000, 0x0000, 0x0000, 0x0000, 0x0000, 0x0000, 0x0000, 0x0000, 0x0000, 0x0000, 0x0000,
    0x0000, 0x0000, 0x0000, 0x0000, 0x0000, 0x0000, 0x0000, 0x0000, 0x0000, 0x0000, 0x0000, 0x0000,
    0x0000, 0x0000, 0x0000, 0x0000, 0x0000, 0x0000, 0x0000, 0x0000, 0x0000, 0x0000, 0x0000, 0x0000,
    0x0000, 0x0000, 0x0000, 0x0000, 0x0000, 0x0000, 0x0000, 0x0000, 0x0000, 0x0000, 0x0000, 0x0000,
    0x0000, 0x0000, 0x0000, 0x18E3, 0x18E3, 0x18E3, 0x18E3, 0x18E3, 0x18E3, 0x18E3, 0x18E3, 0x18E3,
    0x18E3, 0x18E3, 0x18E3, 0x18E3, 0x18E3, 0x18E3, 0x18E3, 0x18E3, 0x18E3, 0x18E3, 0x18E3, 0x18E3,
    0x18E3, 0x18E3, 0x18E3, 0x18E3, 0x18E3, 0x0000, 0x0000, 0x0000, 0x0000, 0x0000, 0x5ACB, 0x5ACB,
    0x5ACB, 0x5ACB, 0x5ACB, 0x5ACB, 0x5ACB, 0x5ACB, 0x5ACB, 0x5ACB, 0x5ACB, 0x5ACB, 0x5ACB, 0x5ACB,
    0x5ACB, 0x5ACB, 0x5ACB, 0x5ACB, 0x5ACB, 0x5ACB, 0x5ACB, 0x5ACB, 0x5ACB, 0x5ACB, 0x5ACB, 0x5ACB,
    0x5ACB, 0x5ACB, 0x0000, 0x0000, 0x0000, 0x18E3, 0x52AA, 0x52AA, 0x52AA, 0x52AA, 0x52AA, 0x52AA,
    0x52AA, 0x52AA, 0x52AA, 0x52AA, 0x52AA, 0x52AA, 0x52AA, 0x52AA, 0x52AA, 0x52AA, 0x52AA, 0x52AA,
    0x52AA, 0x52AA, 0x52AA, 0x52AA, 0x52AA, 0x52AA, 0x52AA, 0x52AA, 0x52AA, 0x52AA, 0x18E3, 0x0000,
    0x0000, 0x18E3, 0x52AA, 0x52AA, 0x52AA, 0x52AA, 0x52AA, 0x52AA, 0x52AA, 0x52AA, 0x52AA, 0x52AA,
    0x52AA, 0x52AA, 0x52AA, 0x52AA, 0x52AA, 0x52AA, 0x52AA, 0x52AA, 0x52AA, 0x52AA, 0x52AA, 0x52AA,
    0x52AA, 0x52AA, 0x52AA, 0x52AA, 0x52AA, 0x52AA, 0x18E3, 0x0000, 0x0000, 0x18E3, 0x52AA, 0x52AA,
    0x52AA, 0x52AA, 0x52AA, 0x52AA, 0x52AA, 0x52AA, 0x52AA, 0x52AA, 0x52AA, 0x52AA, 0xFFFF, 0xFFFF,
    0xFFFF, 0x52AA, 0x52AA, 0x52AA, 0x52AA, 0x52AA, 0x52AA, 0x52AA, 0x52AA, 0x52AA, 0x52AA, 0x52AA,
    0x52AA, 0x52AA, 0x18E3, 0x0000, 0x0000, 0x18E3, 0x52AA, 0x52AA, 0x52AA, 0x52AA, 0x52AA, 0x52AA,
    0x52AA, 0x52AA, 0x52AA, 0x52AA, 0x52AA, 0x52AA, 0xFFFF, 0xFFFF, 0xFFFF, 0x52AA, 0x52AA, 0x52AA,
    0x52AA, 0x52AA, 0x52AA, 0x52AA, 0x52AA, 0x52AA, 0x52AA, 0x52AA, 0x52AA, 0x52AA, 0x18E3, 0x0000,
    0x0000, 0x18E3, 0x52AA, 0x52AA, 0x52AA, 0x52AA, 0x52AA, 0x52AA, 0x52AA, 0x52AA, 0x52AA, 0x52AA,
    0x52AA, 0x52AA, 0xFFFF, 0xFFFF, 0xFFFF, 0x52AA, 0x52AA, 0x52AA, 0x52AA, 0x52AA, 0x52AA, 0x52AA,
    0x52AA, 0x52AA, 0x52AA, 0x52AA, 0x52AA, 0x52AA, 0x18E3, 0x0000, 0x0000, 0x18E3, 0x528A, 0x528A,
    0x528A, 0x528A, 0x528A, 0x528A, 0xFFFF, 0xFFFF, 0xFFFF, 0x528A, 0x528A, 0x528A, 0xFFFF, 0xFFFF,
    0xFFFF, 0x528A, 0x528A, 0x528A, 0xFFFF, 0xFFFF, 0xFFFF, 0x528A, 0x528A, 0x528A, 0x528A, 0x528A,
    0x528A, 0x528A, 0x18E3, 0x0000, 0x0000, 0x18E3, 0x528A, 0x528A, 0x528A, 0x528A, 0x528A, 0x528A,
    0xFFFF, 0xFFFF, 0xFFFF, 0x528A, 0x528A, 0x528A, 0xFFFF, 0xFFFF, 0xFFFF, 0x528A, 0x528A, 0x528A,
    0xFFFF, 0xFFFF, 0xFFFF, 0x528A, 0x528A, 0x528A, 0x528A, 0x528A, 0x528A, 0x528A, 0x18E3, 0x0000,
    0x0000, 0x18E3, 0x528A, 0x528A, 0x528A, 0x528A, 0x528A, 0x528A, 0xFFFF, 0xFFFF, 0xFFFF, 0x528A,
    0x528A, 0x528A, 0xFFFF, 0xFFFF, 0xFFFF, 0x528A, 0x528A, 0x528A, 0xFFFF, 0xFFFF, 0xFFFF, 0x528A,
    0x528A, 0x528A, 0x528A, 0x528A, 0x528A, 0x528A, 0x18E3, 0x0000, 0x0000, 0x18E3, 0x528A, 0x528A,
    0x528A, 0x528A, 0x528A, 0x528A, 0x528A, 0x528A, 0x528A, 0xFFFF, 0xFFFF, 0xFFFF, 0xFFFF, 0xFFFF,
    0xFFFF, 0xFFFF, 0xFFFF, 0xFFFF, 0x528A, 0x528A, 0x528A, 0x528A, 0x528A, 0x528A, 0x528A, 0x528A,
    0x528A, 0x528A, 0x18E3, 0x0000, 0x0000, 0x18E3, 0x4A69, 0x4A69, 0x4A69, 0x4A69, 0x4A69, 0x4A69,
    0x4A69, 0x4A69, 0x4A69, 0xFFFF, 0xFFFF, 0xFFFF, 0xFFFF, 0xFFFF, 0xFFFF, 0xFFFF, 0xFFFF, 0xFFFF,
    0x4A69, 0x4A69, 0x4A69, 0x4A69, 0x4A69, 0x4A69, 0x4A69, 0x4A69, 0x4A69, 0x4A69, 0x18E3, 0x0000,
    0x0000, 0x18E3, 0x4A69, 0x4A69, 0x4A69, 0x4A69, 0x4A69, 0x4A69, 0x4A69, 0x4A69, 0x4A69, 0xFFFF,
    0xFFFF, 0xFFFF, 0xFFFF, 0xFFFF, 0xFFFF, 0xFFFF, 0xFFFF, 0xFFFF, 0x4A69, 0x4A69, 0x4A69, 0x4A69,
    0x4A69, 0x4A69, 0x4A69, 0x4A69, 0x4A69, 0x4A69, 0x18E3, 0x0000, 0x0000, 0x18E3, 0x4A69, 0x4A69,
    0x4A69, 0x4A69, 0x4A69, 0x4A69, 0xFFFF, 0xFFFF, 0xFFFF, 0xFFFF, 0xFFFF, 0xFFFF, 0x4A69, 0x4A69,
    0x4A69, 0xFFFF, 0xFFFF, 0xFFFF, 0xFFFF, 0xFFFF, 0xFFFF, 0x4A69, 0x4A69, 0x4A69, 0x4A69, 0x4A69,
    0x4A69, 0x4A69, 0x18E3, 0x0000, 0x0000, 0x18E3, 0x4A69, 0x4A69, 0x4A69, 0x4A69, 0x4A69, 0x4A69,
    0xFFFF, 0xFFFF, 0xFFFF, 0xFFFF, 0xFFFF, 0xFFFF, 0x4A69, 0x4A69, 0x4A69, 0xFFFF, 0xFFFF, 0xFFFF,
    0xFFFF, 0xFFFF, 0xFFFF, 0x4A69, 0x4A69, 0x4A69, 0x4A69, 0x4A69, 0x4A69, 0x4A69, 0x18E3, 0x0000,
    0x0000, 0x18E3, 0x4A69, 0x4A69, 0x4A69, 0x4A69, 0x4A69, 0x4A69, 0xFFFF, 0xFFFF, 0xFFFF, 0xFFFF,
    0xFFFF, 0xFFFF, 0x4A69, 0x4A69, 0x4A69, 0xFFFF, 0xFFFF, 0xFFFF, 0xFFFF, 0xFFFF, 0xFFFF, 0x4A69,
    0x4A69, 0x4A69, 0x4A69, 0x4A69, 0x4A69, 0x4A69, 0x18E3, 0x0000, 0x0000, 0x18E3, 0x4A49, 0x4A49,
    0x4A49, 0x4A49, 0x4A49, 0x4A49, 0x4A49, 0x4A49, 0x4A49, 0xFFFF, 0xFFFF, 0xFFFF, 0xFFFF, 0xFFFF,
    0xFFFF, 0xFFFF, 0xFFFF, 0xFFFF, 0x4A49, 0x4A49, 0x4A49, 0x4A49, 0x4A49, 0x4A49, 0x4A49, 0x4A49,
    0x4A49, 0x4A49, 0x18E3, 0x0000, 0x0000, 0x18E3, 0x4A49, 0x4A49, 0x4A49, 0x4A49, 0x4A49, 0x4A49,
    0x4A49, 0x4A49, 0x4A49, 0xFFFF, 0xFFFF, 0xFFFF, 0xFFFF, 0xFFFF, 0xFFFF, 0xFFFF, 0xFFFF, 0xFFFF,
    0x4A49, 0x4A49, 0x4A49, 0x4A49, 0x4A49, 0x4A49, 0x4A49, 0x4A49, 0x4A49, 0x4A49, 0x18E3, 0x0000,
    0x0000, 0x18E3, 0x4A49, 0x4A49, 0x4A49, 0x4A49, 0x4A49, 0x4A49, 0x4A49, 0x4A49, 0x4A49, 0xFFFF,
    0xFFFF, 0xFFFF, 0xFFFF, 0xFFFF, 0xFFFF, 0xFFFF, 0xFFFF, 0xFFFF, 0x4A49, 0x4A49, 0x4A49, 0x4A49,
    0x4A49, 0x4A49, 0x4A49, 0x4A49, 0x4A49, 0x4A49, 0x18E3, 0x0000, 0x0000, 0x18E3, 0x4A49, 0x4A49,
    0x4A49, 0x4A49, 0x4A49, 0x4A49, 0xFFFF, 0xFFFF, 0xFFFF, 0x4A49, 0x4A49, 0x4A49, 0xFFFF, 0xFFFF,
    0xFFFF, 0x4A49, 0x4A49, 0x4A49, 0xFFFF, 0xFFFF, 0xFFFF, 0x4A49, 0x4A49, 0x4A49, 0x4A49, 0x4A49,
    0x4A49, 0x4A49, 0x18E3, 0x0000, 0x0000, 0x18E3, 0x4A49, 0x4A49, 0x4A49, 0x4A49, 0x4A49, 0x4A49,
    0xFFFF, 0xFFFF, 0xFFFF, 0x4A49, 0x4A49, 0x4A49, 0xFFFF, 0xFFFF, 0xFFFF, 0x4A49, 0x4A49, 0x4A49,
    0xFFFF, 0xFFFF, 0xFFFF, 0x4A49, 0x4A49, 0x4A49, 0x4A49, 0x4A49, 0x4A49, 0x4A49, 0x18E3, 0x0000,
    0x0000, 0x18E3, 0x4228, 0x4228, 0x4228, 0x4228, 0x4228, 0x4228, 0xFFFF, 0xFFFF, 0xFFFF, 0x4228,
    0x4228, 0x4228, 0xFFFF, 0xFFFF, 0xFFFF, 0x4228, 0x4228, 0x4228, 0xFFFF, 0xFFFF, 0xFFFF, 0x4228,
    0x4228, 0x4228, 0x4228, 0x4228, 0x4228, 0x4228, 0x18E3, 0x0000, 0x0000, 0x18E3, 0x4228, 0x4228,
    0x4228, 0x4228, 0x4228, 0x4228, 0x4228, 0x4228, 0x4228, 0x4228, 0x4228, 0x4228, 0xFFFF, 0xFFFF,
    0xFFFF, 0x4228, 0x4228, 0x4228, 0x4228, 0x4228, 0x4228, 0x4228, 0x4228, 0x4228, 0x4228, 0x4228,
    0x4228, 0x4228, 0x18E3, 0x0000, 0x0000, 0x18E3, 0x4228, 0x4228, 0x4228, 0x4228, 0x4228, 0x4228,
    0x4228, 0x4228, 0x4228, 0x4228, 0x4228, 0x4228, 0xFFFF, 0xFFFF, 0xFFFF, 0x4228, 0x4228, 0x4228,
    0x4228, 0x4228, 0x4228, 0x4228, 0x4228, 0x4228, 0x4228, 0x4228, 0x4228, 0x4228, 0x18E3, 0x0000,
    0x0000, 0x18E3, 0x4228, 0x4228, 0x4228, 0x4228, 0x4228, 0x4228, 0x4228, 0x4228, 0x4228, 0x4228,
    0x4228, 0x4228, 0xFFFF, 0xFFFF, 0xFFFF, 0x4228, 0x4228, 0x4228, 0x4228, 0x4228, 0x4228, 0x4228,
    0x4228, 0x4228, 0x4228, 0x4228, 0x4228, 0x4228, 0x18E3, 0x0000, 0x0000, 0x18E3, 0x4228, 0x4228,
    0x4228, 0x4228, 0x4228, 0x4228, 0x4228, 0x4228, 0x4228, 0x4228, 0x4228, 0x4228, 0x4228, 0x4228,
    0x4228, 0x4228, 0x4228, 0x4228, 0x4228, 0x4228, 0x4228, 0x4228, 0x4228, 0x4228, 0x4228, 0x4228,
    0x4228, 0x4228, 0x18E3, 0x0000, 0x0000, 0x18E3, 0x4208, 0x4208, 0x4208, 0x4208, 0x4208, 0x4208,
    0x4208, 0x4208, 0x4208, 0x4208, 0x4208, 0x4208, 0x4208, 0x4208, 0x4208, 0x4208, 0x4208, 0x4208,
    0x4208, 0x4208, 0x4208, 0x4208, 0x4208, 0x4208, 0x4208, 0x4208, 0x4208, 0x4208, 0x18E3, 0x0000,
    0x0000, 0x18E3, 0x4208, 0x4208, 0x4208, 0x4208, 0x4208, 0x4208, 0x4208, 0x4208, 0x4208, 0x4208,
    0x4208, 0x4208, 0x4208, 0x4208, 0x4208, 0x4208, 0x4208, 0x4208, 0x4208, 0x4208, 0x4208, 0x4208,
    0x4208, 0x4208, 0x4208, 0x4208, 0x4208, 0x4208, 0x18E3, 0x0000, 0x0000, 0x0000, 0x4208, 0x4208,
    0x4208, 0x4208, 0x4208, 0x4208, 0x4208, 0x4208, 0x4208, 0x4208, 0x4208, 0x4208, 0x4208, 0x4208,
    0x4208, 0x4208, 0x4208, 0x4208, 0x4208, 0x4208, 0x4208, 0x4208, 0x4208, 0x4208, 0x4208, 0x4208,
    0x4208, 0x4208, 0x0000, 0x0000, 0x0000, 0x0000, 0x0000, 0x18E3, 0x18E3, 0x18E3, 0x18E3, 0x18E3,
    0x18E3, 0x18E3, 0x18E3, 0x18E3, 0x18E3, 0x18E3, 0x18E3, 0x18E3, 0x18E3, 0x18E3, 0x18E3, 0x18E3,
    0x18E3, 0x18E3, 0x18E3, 0x18E3, 0x18E3, 0x18E3, 0x18E3, 0x18E3, 0x18E3, 0x0000, 0x0000, 0x0000,
    0x0000, 0x0000, 0x0000, 0x0000, 0x0000, 0x0000, 0x0000, 0x0000, 0x0000, 0x0000, 0x0000, 0x0000,
    0x0000, 0x0000, 0x0000, 0x0000, 0x0000, 0x0000, 0x0000, 0x0000, 0x0000, 0x0000, 0x0000, 0x0000,
    0x0000, 0x0000, 0x0000, 0x0000, 0x0000, 0x0000, 0x0000, 0x0000, 0x0000, 0x0000, 0x0000, 0x0000,
    0x0000, 0x0000, 0x0000, 0x0000, 0x0000, 0x0000, 0x0000, 0x0000, 0x0000, 0x0000, 0x0000, 0x0000,
    0x0000, 0x0000, 0x0000, 0x0000, 0x0000, 0x0000, 0x0000, 0x0000, 0x0000, 0x0000, 0x0000, 0x0000,
    0x0000, 0x0000, 0x0000, 0x0000, 0x0000, 0x0000, 0x0000, 0x2882, 0x2882, 0x2882, 0x2882, 0x2882,
    0x2882, 0x2882, 0x2882, 0x2882, 0x2882, 0x2882, 0x2882, 0x2882, 0x2882, 0x2882, 0x2882, 0x2882,
    0x2882, 0x2882, 0x2882, 0x2882, 0x2882, 0x2882, 0x2882, 0x2882, 0x2882, 0x0000, 0x0000, 0x0000,
    0x0000, 0x0000, 0x8986, 0x8986, 0x8986, 0x8986, 0x8986, 0x8986, 0x8986, 0x8986, 0x8986, 0x8986,
    0x8986, 0x8986, 0x8986, 0x8986, 0x8986, 0x8986, 0x8986, 0x8986, 0x8986, 0x8986, 0x8986, 0x8986,
    0x8986, 0x8986, 0x8986, 0x8986, 0x8986, 0x8986, 0x0000, 0x0000, 0x0000, 0x2882, 0x8186, 0x8186,
    0x8186, 0x8186, 0x8186, 0x8186, 0x8186, 0x8186, 0x8186, 0x8186, 0x8186, 0x8186, 0x8186, 0x8186,
    0x8186, 0x8186, 0x8186, 0x8186, 0x8186, 0x8186, 0x8186, 0x8186, 0x8186, 0x8186, 0x8186, 0x8186,
    0x8186, 0x8186, 0x2882, 0x0000, 0x0000, 0x2882, 0x8186, 0x8186, 0x8186, 0x8186, 0x8186, 0x8186,
    0x8186, 0x8186, 0x8186, 0x8186, 0x8186, 0x8186, 0x8186, 0x8186, 0x8186, 0x8186, 0x8186, 0x8186,
    0x8186, 0x8186, 0x8186, 0x8186, 0x8186, 0x8186, 0x8186, 0x8186, 0x8186, 0x8186, 0x2882, 0x0000,
    0x0000, 0x2882, 0x8165, 0x8165, 0x8165, 0x8165, 0x8165, 0x8165, 0x8165, 0x8165, 0x8165, 0x8165,
    0x8165, 0x8165, 0x8165, 0x8165, 0x8165, 0x8165, 0x8165, 0x8165, 0x8165, 0x8165, 0x8165, 0x8165,
    0x8165, 0x8165, 0x8165, 0x8165, 0x8165, 0x8165, 0x2882, 0x0000, 0x0000, 0x2882, 0x8165, 0x8165,
    0x8165, 0x8165, 0x8165, 0x8165, 0x8165, 0x8165, 0x8165, 0x8165, 0x8165, 0x8165, 0x8165, 0x8165,
    0x8165, 0x8165, 0x8165, 0x8165, 0x8165, 0x8165, 0x8165, 0x8165, 0x8165, 0x8165, 0x8165, 0x8165,
    0x8165, 0x8165, 0x2882, 0x0000, 0x0000, 0x2882, 0x8165, 0x8165, 0x8165, 0x8165, 0x8165, 0x8165,
    0x8165, 0x8165, 0x8165, 0xFFFF, 0xFFFF, 0xFFFF, 0xFFFF, 0xFFFF, 0xFFFF, 0xFFFF, 0xFFFF, 0xFFFF,
    0x8165, 0x8165, 0x8165, 0x8165, 0x8165, 0x8165, 0x8165, 0x8165, 0x8165, 0x8165, 0x2882, 0x0000,
    0x0000, 0x2882, 0x8165, 0x8165, 0x8165, 0x8165, 0x8165, 0x8165, 0x8165, 0x8165, 0x8165, 0xFFFF,
    0xFFFF, 0xFFFF, 0xFFFF, 0xFFFF, 0xFFFF, 0xFFFF, 0xFFFF, 0xFFFF, 0x8165, 0x8165, 0x8165, 0x8165,
    0x8165, 0x8165, 0x8165, 0x8165, 0x8165, 0x8165, 0x2882, 0x0000, 0x0000, 0x2882, 0x7965, 0x7965,
    0x7965, 0x7965, 0x7965, 0x7965, 0x7965, 0x7965, 0x7965, 0xFFFF, 0xFFFF, 0xFFFF, 0xFFFF, 0xFFFF,
    0xFFFF, 0xFFFF, 0xFFFF, 0xFFFF, 0x7965, 0x7965, 0x7965, 0x7965, 0x7965, 0x7965, 0x7965, 0x7965,
    0x7965, 0x7965, 0x2882, 0x0000, 0x0000, 0x2882, 0x7965, 0x7965, 0x7965, 0x7965, 0x7965, 0x7965,
    0xFFFF, 0xFFFF, 0xFFFF, 0x7965, 0x7965, 0x7965, 0x7965, 0x7965, 0x7965, 0x7965, 0x7965, 0x7965,
    0xFFFF, 0xFFFF, 0xFFFF, 0x7965, 0x7965, 0x7965, 0x7965, 0x7965, 0x7965, 0x7965, 0x2882, 0x0000,
    0x0000, 0x2882, 0x7965, 0x7965, 0x7965, 0x7965, 0x7965, 0x7965, 0xFFFF, 0xFFFF, 0xFFFF, 0x7965,
    0x7965, 0x7965, 0x7965, 0x7965, 0x7965, 0x7965, 0x7965, 0x7965, 0xFFFF, 0xFFFF, 0xFFFF, 0x7965,
    0x7965, 0x7965, 0x7965, 0x7965, 0x7965, 0x7965, 0x2882, 0x0000, 0x0000, 0x2882, 0x7965, 0x7965,
    0x7965, 0x7965, 0x7965, 0x7965, 0xFFFF, 0xFFFF, 0xFFFF, 0x7965, 0x7965, 0x7965, 0x7965, 0x7965,
    0x7965, 0x7965, 0x7965, 0x7965, 0xFFFF, 0xFFFF, 0xFFFF, 0x7965, 0x7965, 0x7965, 0x7965, 0x7965,
    0x7965, 0x7965, 0x2882, 0x0000, 0x0000, 0x2882, 0x7945, 0x7945, 0x7945, 0x7945, 0x7945, 0x7945,
    0xFFFF, 0xFFFF, 0xFFFF, 0x7945, 0x7945, 0x7945, 0x7945, 0x7945, 0x7945, 0x7945, 0x7945, 0x7945,
    0xFFFF, 0xFFFF, 0xFFFF, 0x7945, 0x7945, 0x7945, 0x7945, 0x7945, 0x7945, 0x7945, 0x2882, 0x0000,
    0x0000, 0x2882, 0x7945, 0x7945, 0x7945, 0x7945, 0x7945, 0x7945, 0xFFFF, 0xFFFF, 0xFFFF, 0x7945,
    0x7945, 0x7945, 0x7945, 0x7945, 0x7945, 0x7945, 0x7945, 0x7945, 0xFFFF, 0xFFFF, 0xFFFF, 0x7945,
    0x7945, 0x7945, 0x7945, 0x7945, 0x7945, 0x7945, 0x2882, 0x0000, 0x0000, 0x2882, 0x7945, 0x7945,
    0x7945, 0x7945, 0x7945, 0x7945, 0xFFFF, 0xFFFF, 0xFFFF, 0x7945, 0x7945, 0x7945, 0x7945, 0x7945,
    0x7945, 0x7945, 0x7945, 0x7945, 0xFFFF, 0xFFFF, 0xFFFF, 0x7945, 0x7945, 0x7945, 0x7945, 0x7945,
    0x7945, 0x7945, 0x2882, 0x0000, 0x0000, 0x2882, 0x7145, 0x7145, 0x7145, 0x7145, 0x7145, 0x7145,
    0xFFFF, 0xFFFF, 0xFFFF, 0xFFFF, 0xFFFF, 0xFFFF, 0xFFFF, 0xFFFF, 0xFFFF, 0xFFFF, 0xFFFF, 0xFFFF,
    0xFFFF, 0xFFFF, 0xFFFF, 0x7145, 0x7145, 0x7145, 0x7145, 0x7145, 0x7145, 0x7145, 0x2882, 0x0000,
    0x0000, 0x2882, 0x7145, 0x7145, 0x7145, 0x7145, 0x7145, 0x7145, 0xFFFF, 0xFFFF, 0xFFFF, 0xFFFF,
    0xFFFF, 0xFFFF, 0xFFFF, 0xFFFF, 0xFFFF, 0xFFFF, 0xFFFF, 0xFFFF, 0xFFFF, 0xFFFF, 0xFFFF, 0x7145,
    0x7145, 0x7145, 0x7145, 0x7145, 0x7145, 0x7145, 0x2882, 0x0000, 0x0000, 0x2882, 0x7145, 0x7145,
    0x7145, 0x7145, 0x7145, 0x7145, 0xFFFF, 0xFFFF, 0xFFFF, 0xFFFF, 0xFFFF, 0xFFFF, 0xFFFF, 0xFFFF,
    0xFFFF, 0xFFFF, 0xFFFF, 0xFFFF, 0xFFFF, 0xFFFF, 0xFFFF, 0x7145, 0x7145, 0x7145, 0x7145, 0x7145,
    0x7145, 0x7145, 0x2882, 0x0000, 0x0000, 0x2882, 0x7145, 0x7145, 0x7145, 0x7145, 0x7145, 0x7145,
    0xFFFF, 0xFFFF, 0xFFFF, 0xFFFF, 0xFFFF, 0xFFFF, 0x7145, 0x7145, 0x7145, 0xFFFF, 0xFFFF, 0xFFFF,
    0xFFFF, 0xFFFF, 0xFFFF, 0x7145, 0x7145, 0x7145, 0x7145, 0x7145, 0x7145, 0x7145, 0x2882, 0x0000,
    0x0000, 0x2882, 0x7145, 0x7145, 0x7145, 0x7145, 0x7145, 0x7145, 0xFFFF, 0xFFFF, 0xFFFF, 0xFFFF,
    0xFFFF, 0xFFFF, 0x7145, 0x7145, 0x7145, 0xFFFF, 0xFFFF, 0xFFFF, 0xFFFF, 0xFFFF, 0xFFFF, 0x7145,
    0x7145, 0x7145, 0x7145, 0x7145, 0x7145, 0x7145, 0x2882, 0x0000, 0x0000, 0x2882, 0x7145, 0x7145,
    0x7145, 0x7145, 0x7145, 0x7145, 0xFFFF, 0xFFFF, 0xFFFF, 0xFFFF, 0xFFFF, 0xFFFF, 0x7145, 0x7145,
    0x7145, 0xFFFF, 0xFFFF, 0xFFFF, 0xFFFF, 0xFFFF, 0xFFFF, 0x7145, 0x7145, 0x7145, 0x7145, 0x7145,
    0x7145, 0x7145, 0x2882, 0x0000, 0x0000, 0x2882, 0x6924, 0x6924, 0x6924, 0x6924, 0x6924, 0x6924,
    0xFFFF, 0xFFFF, 0xFFFF, 0xFFFF, 0xFFFF, 0xFFFF, 0xFFFF, 0xFFFF, 0xFFFF, 0xFFFF, 0xFFFF, 0xFFFF,
    0xFFFF, 0xFFFF, 0xFFFF, 0x6924, 0x6924, 0x6924, 0x6924, 0x6924, 0x6924, 0x6924, 0x2882, 0x0000,
    0x0000, 0x2882, 0x6924, 0x6924, 0x6924, 0x6924, 0x6924, 0x6924, 0xFFFF, 0xFFFF, 0xFFFF, 0xFFFF,
    0xFFFF, 0xFFFF, 0xFFFF, 0xFFFF, 0xFFFF, 0xFFFF, 0xFFFF, 0xFFFF, 0xFFFF, 0xFFFF, 0xFFFF, 0x6924,
    0x6924, 0x6924, 0x6924, 0x6924, 0x6924, 0x6924, 0x2882, 0x0000, 0x0000, 0x2882, 0x6924, 0x6924,
    0x6924, 0x6924, 0x6924, 0x6924, 0xFFFF, 0xFFFF, 0xFFFF, 0xFFFF, 0xFFFF, 0xFFFF, 0xFFFF, 0xFFFF,
    0xFFFF, 0xFFFF, 0xFFFF, 0xFFFF, 0xFFFF, 0xFFFF, 0xFFFF, 0x6924, 0x6924, 0x6924, 0x6924, 0x6924,
    0x6924, 0x6924, 0x2882, 0x0000, 0x0000, 0x2882, 0x6924, 0x6924, 0x6924, 0x6924, 0x6924, 0x6924,
    0x6924, 0x6924, 0x6924, 0x6924, 0x6924, 0x6924, 0x6924, 0x6924, 0x6924, 0x6924, 0x6924, 0x6924,
    0x6924, 0x6924, 0x6924, 0x6924, 0x6924, 0x6924, 0x6924, 0x6924, 0x6924, 0x6924, 0x2882, 0x0000,
    0x0000, 0x2882, 0x6924, 0x6924, 0x6924, 0x6924, 0x6924, 0x6924, 0x6924, 0x6924, 0x6924, 0x6924,
    0x6924, 0x6924, 0x6924, 0x6924, 0x6924, 0x6924, 0x6924, 0x6924, 0x6924, 0x6924, 0x6924, 0x6924,
    0x6924, 0x6924, 0x6924, 0x6924, 0x6924, 0x6924, 0x2882, 0x0000, 0x0000, 0x2882, 0x6924, 0x6924,
    0x6924, 0x6924, 0x6924, 0x6924, 0x6924, 0x6924, 0x6924, 0x6924, 0x6924, 0x6924, 0x6924, 0x6924,
    0x6924, 0x6924, 0x6924, 0x6924, 0x6924, 0x6924, 0x6924, 0x6924, 0x6924, 0x6924, 0x6924, 0x6924,
    0x6924, 0x6924, 0x2882, 0x0000, 0x0000, 0x2882, 0x6124, 0x6124, 0x6124, 0x6124, 0x6124, 0x6124,
    0x6124, 0x6124, 0x6124, 0x6124, 0x6124, 0x6124, 0x6124, 0x6124, 0x6124, 0x6124, 0x6124, 0x6124,
    0x6124, 0x6124, 0x6124, 0x6124, 0x6124, 0x6124, 0x6124, 0x6124, 0x6124, 0x6124, 0x2882, 0x0000,
    0x0000, 0x0000, 0x6124, 0x6124, 0x6124, 0x6124, 0x6124, 0x6124, 0x6124, 0x6124, 0x6124, 0x6124,
    0x6124, 0x6124, 0x6124, 0x6124, 0x6124, 0x6124, 0x6124, 0x6124, 0x6124, 0x6124, 0x6124, 0x6124,
    0x6124, 0x6124, 0x6124, 0x6124, 0x6124, 0x6124, 0x0000, 0x0000, 0x0000, 0x0000, 0x0000, 0x2882,
    0x2882, 0x2882, 0x2882, 0x2882, 0x2882, 0x2882, 0x2882, 0x2882, 0x2882, 0x2882, 0x2882, 0x2882,
    0x2882, 0x2882, 0x2882, 0x2882, 0x2882, 0x2882, 0x2882, 0x2882, 0x2882, 0x2882, 0x2882, 0x2882,
    0x2882, 0x0000, 0x0000, 0x0000, 0x0000, 0x0000, 0x0000, 0x0000, 0x0000, 0x0000, 0x0000, 0x0000,
    0x0000, 0x0000, 0x0000, 0x0000, 0x0000, 0x0000, 0x0000, 0x0000, 0x0000, 0x0000, 0x0000, 0x0000,
    0x0000, 0x0000, 0x0000, 0x0000, 0x0000, 0x0000, 0x0000, 0x0000, 0x0000, 0x0000, 0x0000, 0x0000,
    0x0000, 0x0000, 0x0000, 0x0000, 0x0000, 0x0000, 0x0000, 0x0000, 0x0000, 0x0000, 0x0000, 0x0000,
    0x0000, 0x0000, 0x0000, 0x0000, 0x0000, 0x0000, 0x0000, 0x0000, 0x0000, 0x0000, 0x0000, 0x0000,
    0x0000, 0x0000, 0x0000, 0x0000, 0x0000, 0x0000, 0x0000, 0x0000, 0x0000, 0x0000, 0x0000, 0x1082,
    0x1082, 0x1082, 0x1082, 0x1082, 0x1082, 0x1082, 0x1082, 0x1082, 0x1082, 0x1082, 0x1082, 0x1082,
    0x1082, 0x1082, 0x1082, 0x1082, 0x1082, 0x1082, 0x1082, 0x1082, 0x1082, 0x1082, 0x1082, 0x1082,
    0x1082, 0x0000, 0x0000, 0x0000, 0x0000, 0x0000, 0x3186, 0x3186, 0x3186, 0x3186, 0x3186, 0x3186,
    0x3186, 0x3186, 0x3186, 0x3186, 0x3186, 0x3186, 0x3186, 0x3186, 0x3186, 0x3186, 0x3186, 0x3186,
    0x3186, 0x3186, 0x3186, 0x3186, 0x3186, 0x3186, 0x3186, 0x3186, 0x3186, 0x3186, 0x0000, 0x0000,
    0x0000, 0x1082, 0x3186, 0x3186, 0x3186, 0x3186, 0x3186, 0x3186, 0x3186, 0x3186, 0x3186, 0x3186,
    0x3186, 0x3186, 0x3186, 0x3186, 0x3186, 0x3186, 0x3186, 0x3186, 0x3186, 0x3186, 0x3186, 0x3186,
    0x3186, 0x3186, 0x3186, 0x3186, 0x3186, 0x3186, 0x1082, 0x0000, 0x0000, 0x1082, 0x3186, 0x3186,
    0x3186, 0x3186, 0x3186, 0x3186, 0x3186, 0x3186, 0x3186, 0x3186, 0x3186, 0x3186, 0x3186, 0x3186,
    0x3186, 0x3186, 0x3186, 0x3186, 0x3186, 0x3186, 0x3186, 0x3186, 0x3186, 0x3186, 0x3186, 0x3186,
    0x3186, 0x3186, 0x1082, 0x0000, 0x0000, 0x1082, 0x2965, 0x2965, 0x2965, 0x2965, 0x2965, 0x2965,
    0x2965, 0x2965, 0x2965, 0x2965, 0x2965, 0x2965, 0x2965, 0x2965, 0x2965, 0x2965, 0x2965, 0x2965,
    0x2965, 0x2965, 0x2965, 0x2965, 0x2965, 0x2965, 0x2965, 0x2965, 0x2965, 0x2965, 0x1082, 0x0000,
    0x0000, 0x1082, 0x2965, 0x2965, 0x2965, 0x2965, 0x2965, 0x2965, 0x2965, 0x2965, 0x2965, 0x2965,
    0x2965, 0x2965, 0x2965, 0x2965, 0x2965, 0x2965, 0x2965, 0x2965, 0x2965, 0x2965, 0x2965, 0x2965,
    0x2965, 0x2965, 0x2965, 0x2965, 0x2965, 0x2965, 0x1082, 0x0000, 0x0000, 0x1082, 0x2965, 0x2965,
    0x2965, 0x2965, 0x2965, 0x2965, 0x2965, 0x2965, 0x2965, 0x2965, 0x2965, 0x2965, 0x2965, 0x2965,
    0x2965, 0x2965, 0x2965, 0x2965, 0x2965, 0x2965, 0x2965, 0x2965, 0x2965, 0x2965, 0x2965, 0x2965,
    0x2965, 0x2965, 0x1082, 0x0000, 0x0000, 0x1082, 0x2965, 0x2965, 0x2965, 0x2965, 0x2965, 0x2965,
    0x2965, 0x2965, 0x2965, 0x2965, 0x2965, 0x2965, 0x2965, 0x2965, 0x2965, 0x2965, 0x2965, 0x2965,
    0x2965, 0x2965, 0x2965, 0x2965, 0x2965, 0x2965, 0x2965, 0x2965, 0x2965, 0x2965, 0x1082, 0x0000,
    0x0000, 0x1082, 0x2965, 0x2965, 0x2965, 0x2965, 0x2965, 0x2965, 0x2965, 0x2965, 0x2965, 0x2965,
    0x2965, 0x2965, 0x2965, 0x2965, 0x2965, 0x2965, 0x2965, 0x2965, 0x2965, 0x2965, 0x2965, 0x2965,
    0x2965, 0x2965, 0x2965, 0x2965, 0x2965, 0x2965, 0x1082, 0x0000, 0x0000, 0x1082, 0x2965, 0x2965,
    0x2965, 0x2965, 0x2965, 0x2965, 0x2965, 0x2965, 0x2965, 0x2965, 0x2965, 0x2965, 0x2965, 0x2965,
    0x2965, 0x2965, 0x2965, 0x2965, 0x2965, 0x2965, 0x2965, 0x2965, 0x2965, 0x2965, 0x2965, 0x2965,
    0x2965, 0x2965, 0x1082, 0x0000, 0x0000, 0x1082, 0x2965, 0x2965, 0x2965, 0x2965, 0x2965, 0x2965,
    0x2965, 0x2965, 0x2965, 0x2965, 0x2965, 0x2965, 0x2965, 0x2965, 0x2965, 0x2965, 0x2965, 0x2965,
    0x2965, 0x2965, 0x2965, 0x2965, 0x2965, 0x2965, 0x2965, 0x2965, 0x2965, 0x2965, 0x1082, 0x0000,
    0x0000, 0x1082, 0x2965, 0x2965, 0x2965, 0x2965, 0x2965, 0x2965, 0x2965, 0x2965, 0x2965, 0x2965,
    0x2965, 0x2965, 0x2965, 0x2965, 0x2965, 0x2965, 0x2965, 0x2965, 0x2965, 0x2965, 0x2965, 0x2965,
    0x2965, 0x2965, 0x2965, 0x2965, 0x2965, 0x2965, 0x1082, 0x0000, 0x0000, 0x1082, 0x2945, 0x2945,
    0x2945, 0x2945, 0x2945, 0x2945, 0x2945, 0x2945, 0x2945, 0x2945, 0x2945, 0x2945, 0x2945, 0x2945,
    0x2945, 0x2945, 0x2945, 0x2945, 0x2945, 0x2945, 0x2945, 0x2945, 0x2945, 0x2945, 0x2945, 0x2945,
    0x2945, 0x2945, 0x1082, 0x0000, 0x0000, 0x1082, 0x2945, 0x2945, 0x2945, 0x2945, 0x2945, 0x2945,
    0x2945, 0x2945, 0x2945, 0x2945, 0x2945, 0x2945, 0x2945, 0x2945, 0x2945, 0x2945, 0x2945, 0x2945,
    0x2945, 0x2945, 0x2945, 0x2945, 0x2945, 0x2945, 0x2945, 0x2945, 0x2945, 0x2945, 0x1082, 0x0000,
    0x0000, 0x1082, 0x2945, 0x2945, 0x2945, 0x2945, 0x2945, 0x2945, 0x2945, 0x2945, 0x2945, 0x2945,
    0x2945, 0x2945, 0x2945, 0x2945, 0x2945, 0x2945, 0x2945, 0x2945, 0x2945, 0x2945, 0x2945, 0x2945,
    0x2945, 0x2945, 0x2945, 0x2945, 0x2945, 0x2945, 0x1082, 0x0000, 0x0000, 0x1082, 0x2945, 0x2945,
    0x2945, 0x2945, 0x2945, 0x2945, 0x2945, 0x2945, 0x2945, 0x2945, 0x2945, 0x2945, 0x2945, 0x2945,
    0x2945, 0x2945, 0x2945, 0x2945, 0x2945, 0x2945, 0x2945, 0x2945, 0x2945, 0x2945, 0x2945, 0x2945,
    0x2945, 0x2945, 0x1082, 0x0000, 0x0000, 0x1082, 0x2945, 0x2945, 0x2945, 0x2945, 0x2945, 0x2945,
    0x2945, 0x2945, 0x2945, 0x2945, 0x2945, 0x2945, 0x2945, 0x2945, 0x2945, 0x2945, 0x2945, 0x2945,
    0x2945, 0x2945, 0x2945, 0x2945, 0x2945, 0x2945, 0x2945, 0x2945, 0x2945, 0x2945, 0x1082, 0x0000,
    0x0000, 0x1082, 0x2945, 0x2945, 0x2945, 0x2945, 0x2945, 0x2945, 0x2945, 0x2945, 0x2945, 0x2945,
    0x2945, 0x2945, 0x2945, 0x2945, 0x2945, 0x2945, 0x2945, 0x2945, 0x2945, 0x2945, 0x2945, 0x2945,
    0x2945, 0x2945, 0x2945, 0x2945, 0x2945, 0x2945, 0x1082, 0x0000, 0x0000, 0x1082, 0x2945, 0x2945,
    0x2945, 0x2945, 0x2945, 0x2945, 0x2945, 0x2945, 0x2945, 0x2945, 0x2945, 0x2945, 0x2945, 0x2945,
    0x2945, 0x2945, 0x2945, 0x2945, 0x2945, 0x2945, 0x2945, 0x2945, 0x2945, 0x2945, 0x2945, 0x2945,
    0x2945, 0x2945, 0x1082, 0x0000, 0x0000, 0x1082, 0x2945, 0x2945, 0x2945, 0x2945, 0x2945, 0x2945,
    0x2945, 0x2945, 0x2945, 0x2945, 0x2945, 0x2945, 0x2945, 0x2945, 0x2945, 0x2945, 0x2945, 0x2945,
    0x2945, 0x2945, 0x2945, 0x2945, 0x2945, 0x2945, 0x2945, 0x2945, 0x2945, 0x2945, 0x1082, 0x0000,
    0x0000, 0x1082, 0x2945, 0x2945, 0x2945, 0x2945, 0x2945, 0x2945, 0x2945, 0x2945, 0x2945, 0x2945,
    0x2945, 0x2945, 0x2945, 0x2945, 0x2945, 0x2945, 0x2945, 0x2945, 0x2945, 0x2945, 0x2945, 0x2945,
    0x2945, 0x2945, 0x2945, 0x2945, 0x2945, 0x2945, 0x1082, 0x0000, 0x0000, 0x1082, 0x2124, 0x2124,
    0x2124, 0x2124, 0x2124, 0x2124, 0x2124, 0x2124, 0x2124, 0x2124, 0x2124, 0x2124, 0x2124, 0x2124,
    0x2124, 0x2124, 0x2124, 0x2124, 0x2124, 0x2124, 0x2124, 0x2124, 0x2124, 0x2124, 0x2124, 0x2124,
    0x2124, 0x2124, 0x1082, 0x0000, 0x0000, 0x1082, 0x2124, 0x2124, 0x2124, 0x2124, 0x2124, 0x2124,
    0x2124, 0x2124, 0x2124, 0x2124, 0x2124, 0x2124, 0x2124, 0x2124, 0x2124, 0x2124, 0x2124, 0x2124,
    0x2124, 0x2124, 0x2124, 0x2124, 0x2124, 0x2124, 0x2124, 0x2124, 0x2124, 0x2124, 0x1082, 0x0000,
    0x0000, 0x1082, 0x2124, 0x2124, 0x2124, 0x2124, 0x2124, 0x2124, 0x2124, 0x2124, 0x2124, 0x2124,
    0x2124, 0x2124, 0x2124, 0x2124, 0x2124, 0x2124, 0x2124, 0x2124, 0x2124, 0x2124, 0x2124, 0x2124,
    0x2124, 0x2124, 0x2124, 0x2124, 0x2124, 0x2124, 0x1082, 0x0000, 0x0000, 0x1082, 0x2124, 0x2124,
    0x2124, 0x2124, 0x2124, 0x2124, 0x2124, 0x2124, 0x2124, 0x2124, 0x2124, 0x2124, 0x2124, 0x2124,
    0x2124, 0x2124, 0x2124, 0x2124, 0x2124, 0x2124, 0x2124, 0x2124, 0x2124, 0x2124, 0x2124, 0x2124,
    0x2124, 0x2124, 0x1082, 0x0000, 0x0000, 0x1082, 0x2124, 0x2124, 0x2124, 0x2124, 0x2124, 0x2124,
    0x2124, 0x2124, 0x2124, 0x2124, 0x2124, 0x2124, 0x2124, 0x2124, 0x2124, 0x2124, 0x2124, 0x2124,
    0x2124, 0x2124, 0x2124, 0x2124, 0x2124, 0x2124, 0x2124, 0x2124, 0x2124, 0x2124, 0x1082, 0x0000,
    0x0000, 0x1082, 0x2124, 0x2124, 0x2124, 0x2124, 0x2124, 0x2124, 0x2124, 0x2124, 0x2124, 0x2124,
    0x2124, 0x2124, 0x2124, 0x2124, 0x2124, 0x2124, 0x2124, 0x2124, 0x2124, 0x2124, 0x2124, 0x2124,
    0x2124, 0x2124, 0x2124, 0x2124, 0x2124, 0x2124, 0x1082, 0x0000, 0x0000, 0x1082, 0x2124, 0x2124,
    0x2124, 0x2124, 0x2124, 0x2124, 0x2124, 0x2124, 0x2124, 0x2124, 0x2124, 0x2124, 0x2124, 0x2124,
    0x2124, 0x2124, 0x2124, 0x2124, 0x2124, 0x2124, 0x2124, 0x2124, 0x2124, 0x2124, 0x2124, 0x2124,
    0x2124, 0x2124, 0x1082, 0x0000, 0x0000, 0x0000, 0x2124, 0x2124, 0x2124, 0x2124, 0x2124, 0x2124,
    0x2124, 0x2124, 0x2124, 0x2124, 0x2124, 0x2124, 0x2124, 0x2124, 0x2124, 0x2124, 0x2124, 0x2124,
    0x2124, 0x2124, 0x2124, 0x2124, 0x2124, 0x2124, 0x2124, 0x2124, 0x2124, 0x2124, 0x0000, 0x0000,
    0x0000, 0x0000, 0x0000, 0x1082, 0x1082, 0x1082, 0x1082, 0x1082, 0x1082, 0x1082, 0x1082, 0x1082,
    0x1082, 0x1082, 0x1082, 0x1082, 0x1082, 0x1082, 0x1082, 0x1082, 0x1082, 0x1082, 0x1082, 0x1082,
    0x1082, 0x1082, 0x1082, 0x1082, 0x1082, 0x0000, 0x0000, 0x0000, 0x0000, 0x0000, 0x0000, 0x0000,
    0x0000, 0x0000, 0x0000, 0x0000, 0x0000, 0x0000, 0x0000, 0x0000, 0x0000, 0x0000, 0x0000, 0x0000,
    0x0000, 0x0000, 0x0000, 0x0000, 0x0000, 0x0000, 0x0000, 0x0000, 0x0000, 0x0000, 0x0000, 0x0000,
    0x0000, 0x0000, 0x0000, 0x0000,
};
